[29Mai2025 16:20:03.171] [main/INFO] [cpw.mods.modlauncher.Launcher/MODLAUNCHER]: ModLauncher running: args [--launchTarget, forgedatauserdev, --assetIndex, 5, --assetsDir, C:\Users\kapit\.gradle\caches\forge_gradle\assets, --gameDir, ., --fml.forgeVersion, 47.3.0, --fml.mcVersion, 1.20.1, --fml.forgeGroup, net.minecraftforge, --fml.mcpVersion, 20230612.114412, --mod, enchantments_plus, --all, --output, C:\Users\kapit\intellij\Mods\Enchantments+\src\generated\resources, --existing, C:\Users\kapit\intellij\Mods\Enchantments+\src\main\resources, --mixin.config, enchantments_plus.mixins.json]
[29Mai2025 16:20:03.184] [main/INFO] [cpw.mods.modlauncher.Launcher/MODLAUNCHER]: ModLauncher 10.0.9+10.0.9+main.dcd20f30 starting: java version 17.0.13 by Amazon.com Inc.; OS Windows 10 arch amd64 version 10.0
[29Mai2025 16:20:03.226] [main/DEBUG] [cpw.mods.modlauncher.LaunchServiceHandler/MODLAUNCHER]: Found launch services [fmlclientdev,forgeclient,minecraft,forgegametestserverdev,fmlserveruserdev,fmlclient,fmldatauserdev,forgeserverdev,forgeserveruserdev,forgeclientdev,forgeclientuserdev,forgeserver,forgedatadev,fmlserver,fmlclientuserdev,fmlserverdev,forgedatauserdev,testharness,forgegametestserveruserdev]
[29Mai2025 16:20:03.248] [main/DEBUG] [cpw.mods.modlauncher.NameMappingServiceHandler/MODLAUNCHER]: Found naming services : [srgtomcp]
[29Mai2025 16:20:03.266] [main/DEBUG] [cpw.mods.modlauncher.LaunchPluginHandler/MODLAUNCHER]: Found launch plugins: [mixin,eventbus,slf4jfixer,object_holder_definalize,runtime_enum_extender,capability_token_subclass,accesstransformer,runtimedistcleaner]
[29Mai2025 16:20:03.282] [main/DEBUG] [cpw.mods.modlauncher.TransformationServicesHandler/MODLAUNCHER]: Discovering transformation services
[29Mai2025 16:20:03.288] [main/DEBUG] [net.minecraftforge.fml.loading.FMLPaths/CORE]: Path GAMEDIR is C:\Users\kapit\intellij\Mods\Enchantments+\run-data
[29Mai2025 16:20:03.289] [main/DEBUG] [net.minecraftforge.fml.loading.FMLPaths/CORE]: Path MODSDIR is C:\Users\kapit\intellij\Mods\Enchantments+\run-data\mods
[29Mai2025 16:20:03.289] [main/DEBUG] [net.minecraftforge.fml.loading.FMLPaths/CORE]: Path CONFIGDIR is C:\Users\kapit\intellij\Mods\Enchantments+\run-data\config
[29Mai2025 16:20:03.289] [main/DEBUG] [net.minecraftforge.fml.loading.FMLPaths/CORE]: Path FMLCONFIG is C:\Users\kapit\intellij\Mods\Enchantments+\run-data\config\fml.toml
[29Mai2025 16:20:03.341] [main/DEBUG] [cpw.mods.modlauncher.TransformationServicesHandler/MODLAUNCHER]: Found additional transformation services from discovery services: 
[29Mai2025 16:20:03.349] [main/INFO] [net.minecraftforge.fml.loading.ImmediateWindowHandler/]: ImmediateWindowProvider not loading because launch target is forgedatauserdev
[29Mai2025 16:20:03.356] [main/DEBUG] [cpw.mods.modlauncher.TransformationServicesHandler/MODLAUNCHER]: Found transformer services : [mixin,fml]
[29Mai2025 16:20:03.356] [main/DEBUG] [cpw.mods.modlauncher.TransformationServicesHandler/MODLAUNCHER]: Transformation services loading
[29Mai2025 16:20:03.356] [main/DEBUG] [cpw.mods.modlauncher.TransformationServiceDecorator/MODLAUNCHER]: Loading service mixin
[29Mai2025 16:20:03.357] [main/DEBUG] [cpw.mods.modlauncher.TransformationServiceDecorator/MODLAUNCHER]: Loaded service mixin
[29Mai2025 16:20:03.357] [main/DEBUG] [cpw.mods.modlauncher.TransformationServiceDecorator/MODLAUNCHER]: Loading service fml
[29Mai2025 16:20:03.357] [main/DEBUG] [net.minecraftforge.fml.loading.LauncherVersion/CORE]: Found FMLLauncher version 1.0
[29Mai2025 16:20:03.358] [main/DEBUG] [net.minecraftforge.fml.loading.FMLLoader/CORE]: FML 1.0 loading
[29Mai2025 16:20:03.358] [main/DEBUG] [net.minecraftforge.fml.loading.FMLLoader/CORE]: FML found ModLauncher version : 10.0.9+10.0.9+main.dcd20f30
[29Mai2025 16:20:03.358] [main/DEBUG] [net.minecraftforge.fml.loading.FMLLoader/CORE]: FML found AccessTransformer version : 8.0.4+66+master.c09db6d7
[29Mai2025 16:20:03.358] [main/DEBUG] [net.minecraftforge.fml.loading.FMLLoader/CORE]: FML found EventBus version : 6.0.5+6.0.5+master.eb8e549b
[29Mai2025 16:20:03.358] [main/DEBUG] [net.minecraftforge.fml.loading.FMLLoader/CORE]: Found Runtime Dist Cleaner
[29Mai2025 16:20:03.360] [main/DEBUG] [net.minecraftforge.fml.loading.FMLLoader/CORE]: FML found CoreMod version : 5.1.6
[29Mai2025 16:20:03.360] [main/DEBUG] [net.minecraftforge.fml.loading.FMLLoader/CORE]: Found ForgeSPI package implementation version 7.0.1+7.0.1+master.d2b38bf6
[29Mai2025 16:20:03.361] [main/DEBUG] [net.minecraftforge.fml.loading.FMLLoader/CORE]: Found ForgeSPI package specification 5
[29Mai2025 16:20:03.361] [main/DEBUG] [cpw.mods.modlauncher.TransformationServiceDecorator/MODLAUNCHER]: Loaded service fml
[29Mai2025 16:20:03.362] [main/DEBUG] [cpw.mods.modlauncher.TransformationServicesHandler/MODLAUNCHER]: Configuring option handling for services
[29Mai2025 16:20:03.368] [main/DEBUG] [cpw.mods.modlauncher.TransformationServicesHandler/MODLAUNCHER]: Transformation services initializing
[29Mai2025 16:20:03.368] [main/DEBUG] [cpw.mods.modlauncher.TransformationServiceDecorator/MODLAUNCHER]: Initializing transformation service mixin
[29Mai2025 16:20:03.381] [main/DEBUG] [mixin/]: MixinService [ModLauncher] was successfully booted in cpw.mods.cl.ModuleClassLoader@5bd03f44
[29Mai2025 16:20:03.395] [main/INFO] [mixin/]: SpongePowered MIXIN Subsystem Version=0.8.5 Source=union:/C:/Users/kapit/.gradle/caches/modules-2/files-2.1/org.spongepowered/mixin/0.8.5/9d1c0c3a304ae6697ecd477218fa61b850bf57fc/mixin-0.8.5.jar%23128!/ Service=ModLauncher Env=CLIENT
[29Mai2025 16:20:03.400] [main/DEBUG] [mixin/]: Initialising Mixin Platform Manager
[29Mai2025 16:20:03.400] [main/DEBUG] [mixin/]: Adding mixin platform agents for container ModLauncher Root Container(ModLauncher:4f56a0a2)
[29Mai2025 16:20:03.401] [main/DEBUG] [mixin/]: Instancing new MixinPlatformAgentMinecraftForge for ModLauncher Root Container(ModLauncher:4f56a0a2)
[29Mai2025 16:20:03.401] [main/DEBUG] [mixin/]: MixinPlatformAgentMinecraftForge rejected container ModLauncher Root Container(ModLauncher:4f56a0a2)
[29Mai2025 16:20:03.401] [main/DEBUG] [mixin/]: Instancing new MixinPlatformAgentDefault for ModLauncher Root Container(ModLauncher:4f56a0a2)
[29Mai2025 16:20:03.402] [main/DEBUG] [mixin/]: MixinPlatformAgentDefault accepted container ModLauncher Root Container(ModLauncher:4f56a0a2)
[29Mai2025 16:20:03.404] [main/DEBUG] [cpw.mods.modlauncher.TransformationServiceDecorator/MODLAUNCHER]: Initialized transformation service mixin
[29Mai2025 16:20:03.404] [main/DEBUG] [cpw.mods.modlauncher.TransformationServiceDecorator/MODLAUNCHER]: Initializing transformation service fml
[29Mai2025 16:20:03.404] [main/DEBUG] [net.minecraftforge.fml.loading.FMLServiceProvider/CORE]: Setting up basic FML game directories
[29Mai2025 16:20:03.405] [main/DEBUG] [net.minecraftforge.fml.loading.FMLPaths/CORE]: Path GAMEDIR is C:\Users\kapit\intellij\Mods\Enchantments+\run-data
[29Mai2025 16:20:03.405] [main/DEBUG] [net.minecraftforge.fml.loading.FMLPaths/CORE]: Path MODSDIR is C:\Users\kapit\intellij\Mods\Enchantments+\run-data\mods
[29Mai2025 16:20:03.405] [main/DEBUG] [net.minecraftforge.fml.loading.FMLPaths/CORE]: Path CONFIGDIR is C:\Users\kapit\intellij\Mods\Enchantments+\run-data\config
[29Mai2025 16:20:03.405] [main/DEBUG] [net.minecraftforge.fml.loading.FMLPaths/CORE]: Path FMLCONFIG is C:\Users\kapit\intellij\Mods\Enchantments+\run-data\config\fml.toml
[29Mai2025 16:20:03.405] [main/DEBUG] [net.minecraftforge.fml.loading.FMLServiceProvider/CORE]: Loading configuration
[29Mai2025 16:20:03.410] [main/DEBUG] [net.minecraftforge.fml.loading.FMLServiceProvider/CORE]: Preparing ModFile
[29Mai2025 16:20:03.414] [main/DEBUG] [net.minecraftforge.fml.loading.FMLServiceProvider/CORE]: Preparing launch handler
[29Mai2025 16:20:03.414] [main/DEBUG] [net.minecraftforge.fml.loading.FMLLoader/CORE]: Using forgedatauserdev as launch service
[29Mai2025 16:20:03.437] [main/DEBUG] [net.minecraftforge.fml.loading.FMLLoader/CORE]: Received command line version data  : VersionInfo[forgeVersion=47.3.0, mcVersion=1.20.1, mcpVersion=20230612.114412, forgeGroup=net.minecraftforge]
[29Mai2025 16:20:03.438] [main/DEBUG] [cpw.mods.modlauncher.TransformationServiceDecorator/MODLAUNCHER]: Initialized transformation service fml
[29Mai2025 16:20:03.439] [main/DEBUG] [cpw.mods.modlauncher.NameMappingServiceHandler/MODLAUNCHER]: Current naming domain is 'mcp'
[29Mai2025 16:20:03.440] [main/DEBUG] [cpw.mods.modlauncher.NameMappingServiceHandler/MODLAUNCHER]: Identified name mapping providers {srg=srgtomcp:1234}
[29Mai2025 16:20:03.440] [main/DEBUG] [cpw.mods.modlauncher.TransformationServicesHandler/MODLAUNCHER]: Transformation services begin scanning
[29Mai2025 16:20:03.440] [main/DEBUG] [cpw.mods.modlauncher.TransformationServiceDecorator/MODLAUNCHER]: Beginning scan trigger - transformation service mixin
[29Mai2025 16:20:03.441] [main/DEBUG] [cpw.mods.modlauncher.TransformationServiceDecorator/MODLAUNCHER]: End scan trigger - transformation service mixin
[29Mai2025 16:20:03.441] [main/DEBUG] [cpw.mods.modlauncher.TransformationServiceDecorator/MODLAUNCHER]: Beginning scan trigger - transformation service fml
[29Mai2025 16:20:03.441] [main/DEBUG] [net.minecraftforge.fml.loading.FMLServiceProvider/CORE]: Initiating mod scan
[29Mai2025 16:20:03.455] [main/DEBUG] [net.minecraftforge.fml.loading.moddiscovery.ModListHandler/CORE]: Found mod coordinates from lists: []
[29Mai2025 16:20:03.458] [main/DEBUG] [net.minecraftforge.fml.loading.moddiscovery.ModDiscoverer/CORE]: Found Mod Locators : (mods folder:null),(maven libs:null),(exploded directory:null),(minecraft:null),(userdev classpath:null)
[29Mai2025 16:20:03.458] [main/DEBUG] [net.minecraftforge.fml.loading.moddiscovery.ModDiscoverer/CORE]: Found Dependency Locators : (JarInJar:null)
[29Mai2025 16:20:03.466] [main/DEBUG] [net.minecraftforge.fml.loading.targets.CommonLaunchHandler/CORE]: Got mod coordinates enchantments_plus%%C:\Users\kapit\intellij\Mods\Enchantments+\build\resources\main;enchantments_plus%%C:\Users\kapit\intellij\Mods\Enchantments+\build\classes\java\main from env
[29Mai2025 16:20:03.469] [main/DEBUG] [net.minecraftforge.fml.loading.targets.CommonLaunchHandler/CORE]: Found supplied mod coordinates [{enchantments_plus=[C:\Users\kapit\intellij\Mods\Enchantments+\build\resources\main, C:\Users\kapit\intellij\Mods\Enchantments+\build\classes\java\main]}]
[29Mai2025 16:20:03.759] [main/DEBUG] [net.minecraftforge.fml.loading.moddiscovery.ModFileInfo/LOADING]: Found valid mod file forge-1.20.1-47.3.0_mapped_parchment_2023.09.03-1.20.1-recomp.jar with {minecraft} mods - versions {1.20.1}
[29Mai2025 16:20:03.766] [main/DEBUG] [net.minecraftforge.fml.loading.moddiscovery.ModFileParser/LOADING]: Considering mod file candidate C:\Users\kapit\.gradle\caches\modules-2\files-2.1\net.minecraftforge\javafmllanguage\1.20.1-47.3.0\d7ebc62120f202109e300e084ca1a31a7b946a62\javafmllanguage-1.20.1-47.3.0.jar
[29Mai2025 16:20:03.766] [main/WARN] [net.minecraftforge.fml.loading.moddiscovery.ModFileParser/LOADING]: Mod file C:\Users\kapit\.gradle\caches\modules-2\files-2.1\net.minecraftforge\javafmllanguage\1.20.1-47.3.0\d7ebc62120f202109e300e084ca1a31a7b946a62\javafmllanguage-1.20.1-47.3.0.jar is missing mods.toml file
[29Mai2025 16:20:03.769] [main/DEBUG] [net.minecraftforge.fml.loading.moddiscovery.ModFileParser/LOADING]: Considering mod file candidate C:\Users\kapit\.gradle\caches\modules-2\files-2.1\net.minecraftforge\lowcodelanguage\1.20.1-47.3.0\1bf3e845ea0ce750096da8c71c8364b188ab74d4\lowcodelanguage-1.20.1-47.3.0.jar
[29Mai2025 16:20:03.769] [main/WARN] [net.minecraftforge.fml.loading.moddiscovery.ModFileParser/LOADING]: Mod file C:\Users\kapit\.gradle\caches\modules-2\files-2.1\net.minecraftforge\lowcodelanguage\1.20.1-47.3.0\1bf3e845ea0ce750096da8c71c8364b188ab74d4\lowcodelanguage-1.20.1-47.3.0.jar is missing mods.toml file
[29Mai2025 16:20:03.773] [main/DEBUG] [net.minecraftforge.fml.loading.moddiscovery.ModFileParser/LOADING]: Considering mod file candidate C:\Users\kapit\.gradle\caches\modules-2\files-2.1\net.minecraftforge\mclanguage\1.20.1-47.3.0\6093682e943ddccbabf70539319d7f2fe64db2e7\mclanguage-1.20.1-47.3.0.jar
[29Mai2025 16:20:03.774] [main/WARN] [net.minecraftforge.fml.loading.moddiscovery.ModFileParser/LOADING]: Mod file C:\Users\kapit\.gradle\caches\modules-2\files-2.1\net.minecraftforge\mclanguage\1.20.1-47.3.0\6093682e943ddccbabf70539319d7f2fe64db2e7\mclanguage-1.20.1-47.3.0.jar is missing mods.toml file
[29Mai2025 16:20:03.778] [main/DEBUG] [net.minecraftforge.fml.loading.moddiscovery.ModFileParser/LOADING]: Considering mod file candidate C:\Users\kapit\.gradle\caches\modules-2\files-2.1\net.minecraftforge\fmlcore\1.20.1-47.3.0\3b6be96aba3e323f3c918e8ef6a96312d82d76ad\fmlcore-1.20.1-47.3.0.jar
[29Mai2025 16:20:03.779] [main/WARN] [net.minecraftforge.fml.loading.moddiscovery.ModFileParser/LOADING]: Mod file C:\Users\kapit\.gradle\caches\modules-2\files-2.1\net.minecraftforge\fmlcore\1.20.1-47.3.0\3b6be96aba3e323f3c918e8ef6a96312d82d76ad\fmlcore-1.20.1-47.3.0.jar is missing mods.toml file
[29Mai2025 16:20:03.784] [main/DEBUG] [net.minecraftforge.fml.loading.moddiscovery.ModFileParser/LOADING]: Considering mod file candidate C:\Users\kapit\intellij\Mods\Enchantments+\build\resources\main
[29Mai2025 16:20:03.795] [main/DEBUG] [net.minecraftforge.fml.loading.moddiscovery.ModFileInfo/LOADING]: Found valid mod file main with {enchantments_plus} mods - versions {1.1.0}
[29Mai2025 16:20:03.799] [main/DEBUG] [net.minecraftforge.fml.loading.moddiscovery.ModFileParser/LOADING]: Considering mod file candidate /
[29Mai2025 16:20:03.801] [main/DEBUG] [net.minecraftforge.fml.loading.moddiscovery.ModFileInfo/LOADING]: Found valid mod file  with {forge} mods - versions {47.3.0}
[29Mai2025 16:20:03.833] [main/DEBUG] [net.minecraftforge.fml.loading.moddiscovery.ModFileParser/LOADING]: Considering mod file candidate C:\Users\kapit\.gradle\caches\forge_gradle\deobf_dependencies\maven\modrinth\kap_lib\v1.24.0-mc1.20.1-FML47.3.0_mapped_parchment_2023.09.03-1.20.1\kap_lib-v1.24.0-mc1.20.1-FML47.3.0_mapped_parchment_2023.09.03-1.20.1.jar
[29Mai2025 16:20:03.835] [main/DEBUG] [net.minecraftforge.fml.loading.moddiscovery.ModFileInfo/LOADING]: Found valid mod file kap_lib-v1.24.0-mc1.20.1-FML47.3.0_mapped_parchment_2023.09.03-1.20.1.jar with {kap_lib} mods - versions {1.24.0}
[29Mai2025 16:20:03.840] [main/DEBUG] [net.minecraftforge.fml.loading.moddiscovery.ModFileParser/LOADING]: Considering mod file candidate C:\Users\kapit\.gradle\caches\forge_gradle\deobf_dependencies\maven\modrinth\kap_lib\v1.24.0-mc1.20.1-FML47.3.0_mapped_parchment_2023.09.03-1.20.1\kap_lib-v1.24.0-mc1.20.1-FML47.3.0_mapped_parchment_2023.09.03-1.20.1.jar
[29Mai2025 16:20:03.842] [main/DEBUG] [net.minecraftforge.fml.loading.moddiscovery.ModFileInfo/LOADING]: Found valid mod file kap_lib-v1.24.0-mc1.20.1-FML47.3.0_mapped_parchment_2023.09.03-1.20.1.jar with {kap_lib} mods - versions {1.24.0}
[29Mai2025 16:20:03.849] [main/DEBUG] [net.minecraftforge.fml.loading.UniqueModListBuilder/]: Found 2 mods for first modid kap_lib, selecting most recent based on version data
[29Mai2025 16:20:03.850] [main/DEBUG] [net.minecraftforge.fml.loading.UniqueModListBuilder/]: Selected file kap_lib-v1.24.0-mc1.20.1-FML47.3.0_mapped_parchment_2023.09.03-1.20.1.jar for modid kap_lib with version 1.24.0
[29Mai2025 16:20:03.857] [main/DEBUG] [net.minecraftforge.fml.loading.moddiscovery.AbstractJarFileDependencyLocator/]: Failed to load resource META-INF\jarjar\metadata.json from forge-1.20.1-47.3.0_mapped_parchment_2023.09.03-1.20.1-recomp.jar, it does not contain dependency information.
[29Mai2025 16:20:03.858] [main/DEBUG] [net.minecraftforge.fml.loading.moddiscovery.AbstractJarFileDependencyLocator/]: Failed to load resource META-INF\jarjar\metadata.json from , it does not contain dependency information.
[29Mai2025 16:20:03.858] [main/DEBUG] [net.minecraftforge.fml.loading.moddiscovery.AbstractJarFileDependencyLocator/]: Failed to load resource META-INF\jarjar\metadata.json from kap_lib-v1.24.0-mc1.20.1-FML47.3.0_mapped_parchment_2023.09.03-1.20.1.jar, it does not contain dependency information.
[29Mai2025 16:20:03.859] [main/DEBUG] [net.minecraftforge.fml.loading.moddiscovery.AbstractJarFileDependencyLocator/]: Failed to load resource META-INF\jarjar\metadata.json from main, it does not contain dependency information.
[29Mai2025 16:20:03.859] [main/DEBUG] [net.minecraftforge.fml.loading.moddiscovery.AbstractJarFileDependencyLocator/]: Failed to load resource META-INF\jarjar\metadata.json from mclanguage-1.20.1-47.3.0.jar, it does not contain dependency information.
[29Mai2025 16:20:03.859] [main/DEBUG] [net.minecraftforge.fml.loading.moddiscovery.AbstractJarFileDependencyLocator/]: Failed to load resource META-INF\jarjar\metadata.json from javafmllanguage-1.20.1-47.3.0.jar, it does not contain dependency information.
[29Mai2025 16:20:03.859] [main/DEBUG] [net.minecraftforge.fml.loading.moddiscovery.AbstractJarFileDependencyLocator/]: Failed to load resource META-INF\jarjar\metadata.json from fmlcore-1.20.1-47.3.0.jar, it does not contain dependency information.
[29Mai2025 16:20:03.859] [main/DEBUG] [net.minecraftforge.fml.loading.moddiscovery.AbstractJarFileDependencyLocator/]: Failed to load resource META-INF\jarjar\metadata.json from lowcodelanguage-1.20.1-47.3.0.jar, it does not contain dependency information.
[29Mai2025 16:20:03.890] [main/INFO] [net.minecraftforge.fml.loading.moddiscovery.JarInJarDependencyLocator/]: No dependencies to load found. Skipping!
[29Mai2025 16:20:03.892] [main/DEBUG] [net.minecraftforge.fml.loading.moddiscovery.ModFileInfo/LOADING]: Found valid mod file forge-1.20.1-47.3.0_mapped_parchment_2023.09.03-1.20.1-recomp.jar with {minecraft} mods - versions {1.20.1}
[29Mai2025 16:20:03.895] [main/DEBUG] [net.minecraftforge.fml.loading.moddiscovery.ModFile/LOADING]: Loading mod file C:\Users\kapit\intellij\Mods\Enchantments+\build\fg_cache\net\minecraftforge\forge\1.20.1-47.3.0_mapped_parchment_2023.09.03-1.20.1\forge-1.20.1-47.3.0_mapped_parchment_2023.09.03-1.20.1-recomp.jar with languages [LanguageSpec[languageName=minecraft, acceptedVersions=1]]
[29Mai2025 16:20:03.896] [main/DEBUG] [net.minecraftforge.fml.loading.moddiscovery.ModFileParser/LOADING]: Considering mod file candidate /
[29Mai2025 16:20:03.897] [main/DEBUG] [net.minecraftforge.fml.loading.moddiscovery.ModFileInfo/LOADING]: Found valid mod file  with {forge} mods - versions {47.3.0}
[29Mai2025 16:20:03.897] [main/DEBUG] [net.minecraftforge.fml.loading.moddiscovery.ModFile/LOADING]: Loading mod file / with languages [LanguageSpec[languageName=javafml, acceptedVersions=[24,]]]
[29Mai2025 16:20:03.935] [main/DEBUG] [net.minecraftforge.fml.loading.moddiscovery.ModFileParser/LOADING]: Found coremod field_to_method with Javascript path coremods/field_to_method.js
[29Mai2025 16:20:03.935] [main/DEBUG] [net.minecraftforge.fml.loading.moddiscovery.ModFileParser/LOADING]: Found coremod field_to_instanceof with Javascript path coremods/field_to_instanceof.js
[29Mai2025 16:20:03.935] [main/DEBUG] [net.minecraftforge.fml.loading.moddiscovery.ModFileParser/LOADING]: Found coremod add_bouncer_method with Javascript path coremods/add_bouncer_method.js
[29Mai2025 16:20:03.936] [main/DEBUG] [net.minecraftforge.fml.loading.moddiscovery.ModFileParser/LOADING]: Found coremod method_redirector with Javascript path coremods/method_redirector.js
[29Mai2025 16:20:03.936] [main/DEBUG] [net.minecraftforge.fml.loading.moddiscovery.ModFile/LOADING]: Found coremod coremods/field_to_method.js
[29Mai2025 16:20:03.936] [main/DEBUG] [net.minecraftforge.fml.loading.moddiscovery.ModFile/LOADING]: Found coremod coremods/field_to_instanceof.js
[29Mai2025 16:20:03.936] [main/DEBUG] [net.minecraftforge.fml.loading.moddiscovery.ModFile/LOADING]: Found coremod coremods/add_bouncer_method.js
[29Mai2025 16:20:03.936] [main/DEBUG] [net.minecraftforge.fml.loading.moddiscovery.ModFile/LOADING]: Found coremod coremods/method_redirector.js
[29Mai2025 16:20:03.936] [main/DEBUG] [net.minecraftforge.fml.loading.moddiscovery.ModFileParser/LOADING]: Considering mod file candidate C:\Users\kapit\.gradle\caches\forge_gradle\deobf_dependencies\maven\modrinth\kap_lib\v1.24.0-mc1.20.1-FML47.3.0_mapped_parchment_2023.09.03-1.20.1\kap_lib-v1.24.0-mc1.20.1-FML47.3.0_mapped_parchment_2023.09.03-1.20.1.jar
[29Mai2025 16:20:03.937] [main/DEBUG] [net.minecraftforge.fml.loading.moddiscovery.ModFileInfo/LOADING]: Found valid mod file kap_lib-v1.24.0-mc1.20.1-FML47.3.0_mapped_parchment_2023.09.03-1.20.1.jar with {kap_lib} mods - versions {1.24.0}
[29Mai2025 16:20:03.937] [main/DEBUG] [net.minecraftforge.fml.loading.moddiscovery.ModFile/LOADING]: Loading mod file C:\Users\kapit\.gradle\caches\forge_gradle\deobf_dependencies\maven\modrinth\kap_lib\v1.24.0-mc1.20.1-FML47.3.0_mapped_parchment_2023.09.03-1.20.1\kap_lib-v1.24.0-mc1.20.1-FML47.3.0_mapped_parchment_2023.09.03-1.20.1.jar with languages [LanguageSpec[languageName=javafml, acceptedVersions=[47,)]]
[29Mai2025 16:20:03.937] [main/DEBUG] [net.minecraftforge.fml.loading.moddiscovery.ModFileParser/LOADING]: Considering mod file candidate C:\Users\kapit\intellij\Mods\Enchantments+\build\resources\main
[29Mai2025 16:20:03.940] [main/DEBUG] [net.minecraftforge.fml.loading.moddiscovery.ModFileInfo/LOADING]: Found valid mod file main with {enchantments_plus} mods - versions {1.1.0}
[29Mai2025 16:20:03.940] [main/DEBUG] [net.minecraftforge.fml.loading.moddiscovery.ModFile/LOADING]: Loading mod file C:\Users\kapit\intellij\Mods\Enchantments+\build\resources\main with languages [LanguageSpec[languageName=javafml, acceptedVersions=[47,)]]
[29Mai2025 16:20:03.942] [main/DEBUG] [cpw.mods.modlauncher.TransformationServiceDecorator/MODLAUNCHER]: End scan trigger - transformation service fml
[29Mai2025 16:20:03.954] [main/DEBUG] [net.minecraftforge.fml.loading.LanguageLoadingProvider/CORE]: Found 3 language providers
[29Mai2025 16:20:03.955] [main/DEBUG] [net.minecraftforge.fml.loading.LanguageLoadingProvider/CORE]: Found language provider minecraft, version 1.0
[29Mai2025 16:20:03.956] [main/DEBUG] [net.minecraftforge.fml.loading.LanguageLoadingProvider/CORE]: Found language provider lowcodefml, version 47
[29Mai2025 16:20:03.956] [main/DEBUG] [net.minecraftforge.fml.loading.LanguageLoadingProvider/CORE]: Found language provider javafml, version 47
[29Mai2025 16:20:03.960] [main/DEBUG] [net.minecraftforge.fml.loading.ModSorter/]: Configured system mods: [minecraft, forge]
[29Mai2025 16:20:03.961] [main/DEBUG] [net.minecraftforge.fml.loading.ModSorter/]: Found system mod: minecraft
[29Mai2025 16:20:03.961] [main/DEBUG] [net.minecraftforge.fml.loading.ModSorter/]: Found system mod: forge
[29Mai2025 16:20:03.965] [main/DEBUG] [net.minecraftforge.fml.loading.ModSorter/LOADING]: Found 5 mod requirements (5 mandatory, 0 optional)
[29Mai2025 16:20:03.966] [main/DEBUG] [net.minecraftforge.fml.loading.ModSorter/LOADING]: Found 0 mod requirements missing (0 mandatory, 0 optional)
[29Mai2025 16:20:04.472] [main/DEBUG] [net.minecraftforge.fml.loading.MCPNamingService/CORE]: Loaded 34318 method mappings from methods.csv
[29Mai2025 16:20:04.506] [main/DEBUG] [net.minecraftforge.fml.loading.MCPNamingService/CORE]: Loaded 31014 field mappings from fields.csv
[29Mai2025 16:20:04.581] [main/DEBUG] [cpw.mods.modlauncher.TransformationServicesHandler/MODLAUNCHER]: Transformation services loading transformers
[29Mai2025 16:20:04.581] [main/DEBUG] [cpw.mods.modlauncher.TransformationServiceDecorator/MODLAUNCHER]: Initializing transformers for transformation service mixin
[29Mai2025 16:20:04.582] [main/DEBUG] [cpw.mods.modlauncher.TransformationServiceDecorator/MODLAUNCHER]: Initialized transformers for transformation service mixin
[29Mai2025 16:20:04.582] [main/DEBUG] [cpw.mods.modlauncher.TransformationServiceDecorator/MODLAUNCHER]: Initializing transformers for transformation service fml
[29Mai2025 16:20:04.582] [main/DEBUG] [net.minecraftforge.fml.loading.FMLServiceProvider/CORE]: Loading coremod transformers
[29Mai2025 16:20:04.582] [main/DEBUG] [net.minecraftforge.coremod.CoreModEngine/COREMOD]: Loading CoreMod from coremods/field_to_method.js
[29Mai2025 16:20:04.791] [main/DEBUG] [net.minecraftforge.coremod.CoreModEngine/COREMOD]: CoreMod loaded successfully
[29Mai2025 16:20:04.792] [main/DEBUG] [net.minecraftforge.coremod.CoreModEngine/COREMOD]: Loading CoreMod from coremods/field_to_instanceof.js
[29Mai2025 16:20:04.867] [main/DEBUG] [net.minecraftforge.coremod.CoreModEngine/COREMOD]: CoreMod loaded successfully
[29Mai2025 16:20:04.868] [main/DEBUG] [net.minecraftforge.coremod.CoreModEngine/COREMOD]: Loading CoreMod from coremods/add_bouncer_method.js
[29Mai2025 16:20:04.914] [main/DEBUG] [net.minecraftforge.coremod.CoreModEngine/COREMOD]: CoreMod loaded successfully
[29Mai2025 16:20:04.914] [main/DEBUG] [net.minecraftforge.coremod.CoreModEngine/COREMOD]: Loading CoreMod from coremods/method_redirector.js
[29Mai2025 16:20:04.986] [main/DEBUG] [net.minecraftforge.coremod.CoreModEngine/COREMOD]: CoreMod loaded successfully
[29Mai2025 16:20:05.003] [main/DEBUG] [cpw.mods.modlauncher.TransformStore/MODLAUNCHER]: Adding transformer net.minecraftforge.coremod.transformer.CoreModClassTransformer@52b06bef to Target : CLASS {Lnet/minecraft/world/level/biome/Biome;} {} {V}
[29Mai2025 16:20:05.004] [main/DEBUG] [cpw.mods.modlauncher.TransformStore/MODLAUNCHER]: Adding transformer net.minecraftforge.coremod.transformer.CoreModClassTransformer@1806bc4c to Target : CLASS {Lnet/minecraft/world/level/levelgen/structure/Structure;} {} {V}
[29Mai2025 16:20:05.005] [main/DEBUG] [cpw.mods.modlauncher.TransformStore/MODLAUNCHER]: Adding transformer net.minecraftforge.coremod.transformer.CoreModClassTransformer@462e1e64 to Target : CLASS {Lnet/minecraft/world/effect/MobEffectInstance;} {} {V}
[29Mai2025 16:20:05.005] [main/DEBUG] [cpw.mods.modlauncher.TransformStore/MODLAUNCHER]: Adding transformer net.minecraftforge.coremod.transformer.CoreModClassTransformer@69afa141 to Target : CLASS {Lnet/minecraft/world/level/block/LiquidBlock;} {} {V}
[29Mai2025 16:20:05.005] [main/DEBUG] [cpw.mods.modlauncher.TransformStore/MODLAUNCHER]: Adding transformer net.minecraftforge.coremod.transformer.CoreModClassTransformer@49f40c00 to Target : CLASS {Lnet/minecraft/world/item/BucketItem;} {} {V}
[29Mai2025 16:20:05.005] [main/DEBUG] [cpw.mods.modlauncher.TransformStore/MODLAUNCHER]: Adding transformer net.minecraftforge.coremod.transformer.CoreModClassTransformer@643d2dae to Target : CLASS {Lnet/minecraft/world/level/block/StairBlock;} {} {V}
[29Mai2025 16:20:05.005] [main/DEBUG] [cpw.mods.modlauncher.TransformStore/MODLAUNCHER]: Adding transformer net.minecraftforge.coremod.transformer.CoreModClassTransformer@52d6d273 to Target : CLASS {Lnet/minecraft/world/level/block/FlowerPotBlock;} {} {V}
[29Mai2025 16:20:05.006] [main/DEBUG] [cpw.mods.modlauncher.TransformStore/MODLAUNCHER]: Adding transformer net.minecraftforge.coremod.transformer.CoreModClassTransformer@4667c4c1 to Target : CLASS {Lnet/minecraft/world/item/ItemStack;} {} {V}
[29Mai2025 16:20:05.006] [main/DEBUG] [cpw.mods.modlauncher.TransformStore/MODLAUNCHER]: Adding transformer net.minecraftforge.coremod.transformer.CoreModClassTransformer@2f9a4401 to Target : CLASS {Lnet/minecraft/network/play/client/CClientSettingsPacket;} {} {V}
[29Mai2025 16:20:05.006] [main/DEBUG] [cpw.mods.modlauncher.TransformStore/MODLAUNCHER]: Adding transformer net.minecraftforge.coremod.transformer.CoreModClassTransformer@22c75c01 to Target : CLASS {Lnet/minecraft/world/entity/ai/village/VillageSiege;} {} {V}
[29Mai2025 16:20:05.006] [main/DEBUG] [cpw.mods.modlauncher.TransformStore/MODLAUNCHER]: Adding transformer net.minecraftforge.coremod.transformer.CoreModClassTransformer@22c75c01 to Target : CLASS {Lnet/minecraft/world/entity/animal/frog/Tadpole;} {} {V}
[29Mai2025 16:20:05.006] [main/DEBUG] [cpw.mods.modlauncher.TransformStore/MODLAUNCHER]: Adding transformer net.minecraftforge.coremod.transformer.CoreModClassTransformer@22c75c01 to Target : CLASS {Lnet/minecraft/world/entity/raid/Raid;} {} {V}
[29Mai2025 16:20:05.006] [main/DEBUG] [cpw.mods.modlauncher.TransformStore/MODLAUNCHER]: Adding transformer net.minecraftforge.coremod.transformer.CoreModClassTransformer@22c75c01 to Target : CLASS {Lnet/minecraft/world/level/levelgen/structure/structures/OceanRuinPieces$OceanRuinPiece;} {} {V}
[29Mai2025 16:20:05.006] [main/DEBUG] [cpw.mods.modlauncher.TransformStore/MODLAUNCHER]: Adding transformer net.minecraftforge.coremod.transformer.CoreModClassTransformer@22c75c01 to Target : CLASS {Lnet/minecraft/world/entity/npc/Villager;} {} {V}
[29Mai2025 16:20:05.007] [main/DEBUG] [cpw.mods.modlauncher.TransformStore/MODLAUNCHER]: Adding transformer net.minecraftforge.coremod.transformer.CoreModClassTransformer@22c75c01 to Target : CLASS {Lnet/minecraft/world/entity/monster/Zombie;} {} {V}
[29Mai2025 16:20:05.007] [main/DEBUG] [cpw.mods.modlauncher.TransformStore/MODLAUNCHER]: Adding transformer net.minecraftforge.coremod.transformer.CoreModClassTransformer@22c75c01 to Target : CLASS {Lnet/minecraft/server/commands/SummonCommand;} {} {V}
[29Mai2025 16:20:05.007] [main/DEBUG] [cpw.mods.modlauncher.TransformStore/MODLAUNCHER]: Adding transformer net.minecraftforge.coremod.transformer.CoreModClassTransformer@22c75c01 to Target : CLASS {Lnet/minecraft/world/entity/EntityType;} {} {V}
[29Mai2025 16:20:05.007] [main/DEBUG] [cpw.mods.modlauncher.TransformStore/MODLAUNCHER]: Adding transformer net.minecraftforge.coremod.transformer.CoreModClassTransformer@22c75c01 to Target : CLASS {Lnet/minecraft/world/entity/monster/Spider;} {} {V}
[29Mai2025 16:20:05.007] [main/DEBUG] [cpw.mods.modlauncher.TransformStore/MODLAUNCHER]: Adding transformer net.minecraftforge.coremod.transformer.CoreModClassTransformer@22c75c01 to Target : CLASS {Lnet/minecraft/world/entity/animal/horse/SkeletonTrapGoal;} {} {V}
[29Mai2025 16:20:05.007] [main/DEBUG] [cpw.mods.modlauncher.TransformStore/MODLAUNCHER]: Adding transformer net.minecraftforge.coremod.transformer.CoreModClassTransformer@22c75c01 to Target : CLASS {Lnet/minecraft/world/entity/monster/Strider;} {} {V}
[29Mai2025 16:20:05.007] [main/DEBUG] [cpw.mods.modlauncher.TransformStore/MODLAUNCHER]: Adding transformer net.minecraftforge.coremod.transformer.CoreModClassTransformer@22c75c01 to Target : CLASS {Lnet/minecraft/world/entity/monster/Evoker$EvokerSummonSpellGoal;} {} {V}
[29Mai2025 16:20:05.007] [main/DEBUG] [cpw.mods.modlauncher.TransformStore/MODLAUNCHER]: Adding transformer net.minecraftforge.coremod.transformer.CoreModClassTransformer@22c75c01 to Target : CLASS {Lnet/minecraft/world/entity/monster/ZombieVillager;} {} {V}
[29Mai2025 16:20:05.008] [main/DEBUG] [cpw.mods.modlauncher.TransformStore/MODLAUNCHER]: Adding transformer net.minecraftforge.coremod.transformer.CoreModClassTransformer@22c75c01 to Target : CLASS {Lnet/minecraft/world/entity/npc/CatSpawner;} {} {V}
[29Mai2025 16:20:05.008] [main/DEBUG] [cpw.mods.modlauncher.TransformStore/MODLAUNCHER]: Adding transformer net.minecraftforge.coremod.transformer.CoreModClassTransformer@22c75c01 to Target : CLASS {Lnet/minecraft/world/level/levelgen/structure/structures/WoodlandMansionPieces$WoodlandMansionPiece;} {} {V}
[29Mai2025 16:20:05.008] [main/DEBUG] [cpw.mods.modlauncher.TransformStore/MODLAUNCHER]: Adding transformer net.minecraftforge.coremod.transformer.CoreModClassTransformer@22c75c01 to Target : CLASS {Lnet/minecraft/world/level/NaturalSpawner;} {} {V}
[29Mai2025 16:20:05.008] [main/DEBUG] [cpw.mods.modlauncher.TransformStore/MODLAUNCHER]: Adding transformer net.minecraftforge.coremod.transformer.CoreModClassTransformer@22c75c01 to Target : CLASS {Lnet/minecraft/world/level/levelgen/PatrolSpawner;} {} {V}
[29Mai2025 16:20:05.008] [main/DEBUG] [cpw.mods.modlauncher.TransformStore/MODLAUNCHER]: Adding transformer net.minecraftforge.coremod.transformer.CoreModClassTransformer@22c75c01 to Target : CLASS {Lnet/minecraft/world/level/levelgen/structure/structures/OceanMonumentPieces$OceanMonumentPiece;} {} {V}
[29Mai2025 16:20:05.008] [main/DEBUG] [cpw.mods.modlauncher.TransformStore/MODLAUNCHER]: Adding transformer net.minecraftforge.coremod.transformer.CoreModClassTransformer@22c75c01 to Target : CLASS {Lnet/minecraft/world/level/levelgen/PhantomSpawner;} {} {V}
[29Mai2025 16:20:05.008] [main/DEBUG] [cpw.mods.modlauncher.TransformStore/MODLAUNCHER]: Adding transformer net.minecraftforge.coremod.transformer.CoreModClassTransformer@22c75c01 to Target : CLASS {Lnet/minecraft/world/level/levelgen/structure/structures/SwampHutPiece;} {} {V}
[29Mai2025 16:20:05.008] [main/DEBUG] [cpw.mods.modlauncher.TransformStore/MODLAUNCHER]: Adding transformer net.minecraftforge.coremod.transformer.CoreModClassTransformer@22c75c01 to Target : CLASS {Lnet/minecraft/world/level/levelgen/structure/templatesystem/StructureTemplate;} {} {V}
[29Mai2025 16:20:05.009] [main/DEBUG] [cpw.mods.modlauncher.TransformStore/MODLAUNCHER]: Adding transformer net.minecraftforge.coremod.transformer.CoreModClassTransformer@22c75c01 to Target : CLASS {Lnet/minecraft/server/commands/RaidCommand;} {} {V}
[29Mai2025 16:20:05.009] [main/DEBUG] [cpw.mods.modlauncher.TransformationServiceDecorator/MODLAUNCHER]: Initialized transformers for transformation service fml
[29Mai2025 16:20:05.487] [main/DEBUG] [mixin/]: Processing prepare() for PlatformAgent[MixinPlatformAgentDefault:ModLauncher Root Container(ModLauncher:4f56a0a2)]
[29Mai2025 16:20:05.487] [main/DEBUG] [mixin/]: Registering mixin config: enchantments_plus.mixins.json
[29Mai2025 16:20:05.506] [main/DEBUG] [mixin/]: Compatibility level JAVA_17 specified by enchantments_plus.mixins.json is higher than the maximum level supported by this version of mixin (JAVA_13).
[29Mai2025 16:20:05.510] [main/INFO] [mixin/]: Compatibility level set to JAVA_17
[29Mai2025 16:20:05.511] [main/DEBUG] [mixin/]: Processing launch tasks for PlatformAgent[MixinPlatformAgentDefault:ModLauncher Root Container(ModLauncher:4f56a0a2)]
[29Mai2025 16:20:05.511] [main/DEBUG] [mixin/]: Adding mixin platform agents for container SecureJarResource(minecraft)
[29Mai2025 16:20:05.511] [main/DEBUG] [mixin/]: Instancing new MixinPlatformAgentMinecraftForge for SecureJarResource(minecraft)
[29Mai2025 16:20:05.511] [main/DEBUG] [mixin/]: MixinPlatformAgentMinecraftForge rejected container SecureJarResource(minecraft)
[29Mai2025 16:20:05.511] [main/DEBUG] [mixin/]: Instancing new MixinPlatformAgentDefault for SecureJarResource(minecraft)
[29Mai2025 16:20:05.511] [main/DEBUG] [mixin/]: MixinPlatformAgentDefault accepted container SecureJarResource(minecraft)
[29Mai2025 16:20:05.511] [main/DEBUG] [mixin/]: Processing prepare() for PlatformAgent[MixinPlatformAgentDefault:SecureJarResource(minecraft)]
[29Mai2025 16:20:05.511] [main/DEBUG] [mixin/]: Adding mixin platform agents for container SecureJarResource(forge)
[29Mai2025 16:20:05.513] [main/DEBUG] [mixin/]: Instancing new MixinPlatformAgentMinecraftForge for SecureJarResource(forge)
[29Mai2025 16:20:05.513] [main/DEBUG] [mixin/]: MixinPlatformAgentMinecraftForge rejected container SecureJarResource(forge)
[29Mai2025 16:20:05.513] [main/DEBUG] [mixin/]: Instancing new MixinPlatformAgentDefault for SecureJarResource(forge)
[29Mai2025 16:20:05.513] [main/DEBUG] [mixin/]: MixinPlatformAgentDefault accepted container SecureJarResource(forge)
[29Mai2025 16:20:05.513] [main/DEBUG] [mixin/]: Processing prepare() for PlatformAgent[MixinPlatformAgentDefault:SecureJarResource(forge)]
[29Mai2025 16:20:05.514] [main/DEBUG] [mixin/]: Adding mixin platform agents for container SecureJarResource(kap_lib)
[29Mai2025 16:20:05.515] [main/DEBUG] [mixin/]: Instancing new MixinPlatformAgentMinecraftForge for SecureJarResource(kap_lib)
[29Mai2025 16:20:05.515] [main/DEBUG] [mixin/]: MixinPlatformAgentMinecraftForge rejected container SecureJarResource(kap_lib)
[29Mai2025 16:20:05.515] [main/DEBUG] [mixin/]: Instancing new MixinPlatformAgentDefault for SecureJarResource(kap_lib)
[29Mai2025 16:20:05.515] [main/DEBUG] [mixin/]: MixinPlatformAgentDefault accepted container SecureJarResource(kap_lib)
[29Mai2025 16:20:05.515] [main/DEBUG] [mixin/]: Processing prepare() for PlatformAgent[MixinPlatformAgentDefault:SecureJarResource(kap_lib)]
[29Mai2025 16:20:05.515] [main/DEBUG] [mixin/]: Registering mixin config: kap_lib.mixins.json
[29Mai2025 16:20:05.518] [main/DEBUG] [mixin/]: Adding mixin platform agents for container SecureJarResource(enchantments_plus)
[29Mai2025 16:20:05.518] [main/DEBUG] [mixin/]: Instancing new MixinPlatformAgentMinecraftForge for SecureJarResource(enchantments_plus)
[29Mai2025 16:20:05.518] [main/DEBUG] [mixin/]: MixinPlatformAgentMinecraftForge rejected container SecureJarResource(enchantments_plus)
[29Mai2025 16:20:05.518] [main/DEBUG] [mixin/]: Instancing new MixinPlatformAgentDefault for SecureJarResource(enchantments_plus)
[29Mai2025 16:20:05.518] [main/DEBUG] [mixin/]: MixinPlatformAgentDefault accepted container SecureJarResource(enchantments_plus)
[29Mai2025 16:20:05.518] [main/DEBUG] [mixin/]: Processing prepare() for PlatformAgent[MixinPlatformAgentDefault:SecureJarResource(enchantments_plus)]
[29Mai2025 16:20:05.519] [main/DEBUG] [mixin/]: inject() running with 5 agents
[29Mai2025 16:20:05.519] [main/DEBUG] [mixin/]: Processing inject() for PlatformAgent[MixinPlatformAgentDefault:ModLauncher Root Container(ModLauncher:4f56a0a2)]
[29Mai2025 16:20:05.519] [main/DEBUG] [mixin/]: Processing inject() for PlatformAgent[MixinPlatformAgentDefault:SecureJarResource(minecraft)]
[29Mai2025 16:20:05.519] [main/DEBUG] [mixin/]: Processing inject() for PlatformAgent[MixinPlatformAgentDefault:SecureJarResource(forge)]
[29Mai2025 16:20:05.519] [main/DEBUG] [mixin/]: Processing inject() for PlatformAgent[MixinPlatformAgentDefault:SecureJarResource(kap_lib)]
[29Mai2025 16:20:05.519] [main/DEBUG] [mixin/]: Processing inject() for PlatformAgent[MixinPlatformAgentDefault:SecureJarResource(enchantments_plus)]
[29Mai2025 16:20:05.520] [main/INFO] [cpw.mods.modlauncher.LaunchServiceHandler/MODLAUNCHER]: Launching target 'forgedatauserdev' with arguments [--gameDir, ., --assetsDir, C:\Users\kapit\.gradle\caches\forge_gradle\assets, --assetIndex, 5, --mod, enchantments_plus, --all, --output, C:\Users\kapit\intellij\Mods\Enchantments+\src\generated\resources, --existing, C:\Users\kapit\intellij\Mods\Enchantments+\src\main\resources]
[29Mai2025 16:20:05.616] [main/DEBUG] [mixin/]: Error cleaning class output directory: .mixin.out
[29Mai2025 16:20:05.618] [main/DEBUG] [mixin/]: Preparing mixins for MixinEnvironment[DEFAULT]
[29Mai2025 16:20:05.618] [main/DEBUG] [mixin/]: Selecting config enchantments_plus.mixins.json
[29Mai2025 16:20:05.623] [main/WARN] [mixin/]: Reference map 'enchantments_plus.mixin-refmap.json' for enchantments_plus.mixins.json could not be read. If this is a development environment you can ignore this message
[29Mai2025 16:20:05.624] [main/DEBUG] [mixin/]: Selecting config kap_lib.mixins.json
[29Mai2025 16:20:06.059] [main/INFO] [mixin/]: Remapping refMap kap_lib.mixin-refmap.json using C:\Users\kapit\intellij\Mods\Enchantments+\build\createSrgToMcp\output.srg
[29Mai2025 16:20:06.060] [main/DEBUG] [mixin/]: Preparing enchantments_plus.mixins.json (9)
[29Mai2025 16:20:06.210] [main/DEBUG] [mixin/]: Preparing kap_lib.mixins.json (41)
[29Mai2025 16:20:06.287] [main/DEBUG] [net.minecraftforge.coremod.transformer.CoreModBaseTransformer/COREMOD]: Transforming net/minecraft/world/item/ItemStack
[29Mai2025 16:20:06.440] [main/DEBUG] [mixin/]: Registering new injector for @Inject with org.spongepowered.asm.mixin.injection.struct.CallbackInjectionInfo
[29Mai2025 16:20:06.443] [main/DEBUG] [mixin/]: Registering new injector for @ModifyArg with org.spongepowered.asm.mixin.injection.struct.ModifyArgInjectionInfo
[29Mai2025 16:20:06.445] [main/DEBUG] [mixin/]: Registering new injector for @ModifyArgs with org.spongepowered.asm.mixin.injection.struct.ModifyArgsInjectionInfo
[29Mai2025 16:20:06.448] [main/DEBUG] [mixin/]: Registering new injector for @Redirect with org.spongepowered.asm.mixin.injection.struct.RedirectInjectionInfo
[29Mai2025 16:20:06.449] [main/DEBUG] [mixin/]: Registering new injector for @ModifyVariable with org.spongepowered.asm.mixin.injection.struct.ModifyVariableInjectionInfo
[29Mai2025 16:20:06.451] [main/DEBUG] [mixin/]: Registering new injector for @ModifyConstant with org.spongepowered.asm.mixin.injection.struct.ModifyConstantInjectionInfo
[29Mai2025 16:20:06.489] [main/DEBUG] [mixin/]: Prepared 50 mixins in 0,870 sec (17,4ms avg) (0ms load, 0ms transform, 0ms plugin)
[29Mai2025 16:20:06.697] [main/DEBUG] [mixin/]: Mixing SharedConstantsMixin from kap_lib.mixins.json into net.minecraft.SharedConstants
[29Mai2025 16:20:06.770] [main/INFO] [mixin/]: BeforeConstant is searching for constants in method with descriptor (C)Z
[29Mai2025 16:20:06.770] [main/INFO] [mixin/]:   BeforeConstant found INTEGER constant: value = 167, intValue = null
[29Mai2025 16:20:06.770] [main/INFO] [mixin/]:     BeforeConstant found a matching constant TYPE at ordinal 0
[29Mai2025 16:20:06.771] [main/INFO] [mixin/]:       BeforeConstant found IntInsn 167
[29Mai2025 16:20:06.771] [main/INFO] [mixin/]:   BeforeConstant found INTEGER constant: value = 32, intValue = null
[29Mai2025 16:20:06.771] [main/INFO] [mixin/]:     BeforeConstant found a matching constant TYPE at ordinal 1
[29Mai2025 16:20:06.771] [main/INFO] [mixin/]:       BeforeConstant found IntInsn 32
[29Mai2025 16:20:06.771] [main/INFO] [mixin/]:   BeforeConstant found INTEGER constant: value = 127, intValue = null
[29Mai2025 16:20:06.771] [main/INFO] [mixin/]:     BeforeConstant found a matching constant TYPE at ordinal 2
[29Mai2025 16:20:06.771] [main/INFO] [mixin/]:       BeforeConstant found IntInsn 127
[29Mai2025 16:20:06.771] [main/INFO] [mixin/]:   BeforeConstant found INTEGER constant: value = 1, intValue = null
[29Mai2025 16:20:06.772] [main/INFO] [mixin/]:     BeforeConstant found a matching constant TYPE at ordinal 3
[29Mai2025 16:20:06.772] [main/INFO] [mixin/]:       BeforeConstant found Insn [ICONST_1] 
[29Mai2025 16:20:06.772] [main/INFO] [mixin/]:   BeforeConstant found INTEGER constant: value = 0, intValue = null
[29Mai2025 16:20:06.772] [main/INFO] [mixin/]:     BeforeConstant found a matching constant TYPE at ordinal 4
[29Mai2025 16:20:06.772] [main/INFO] [mixin/]:       BeforeConstant found Insn [ICONST_0] 
[29Mai2025 16:20:06.783] [main/DEBUG] [io.netty.util.internal.logging.InternalLoggerFactory/]: Using SLF4J as the default logging framework
[29Mai2025 16:20:06.785] [main/DEBUG] [io.netty.util.ResourceLeakDetector/]: -Dio.netty.leakDetection.level: simple
[29Mai2025 16:20:06.785] [main/DEBUG] [io.netty.util.ResourceLeakDetector/]: -Dio.netty.leakDetection.targetRecords: 4
[29Mai2025 16:20:06.794] [main/DEBUG] [mixin/]: Mixing ComponentContentsMixin from kap_lib.mixins.json into net.minecraft.network.chat.ComponentContents
[29Mai2025 16:20:06.822] [main/DEBUG] [mixin/]: Mixing StyleMixin from kap_lib.mixins.json into net.minecraft.network.chat.Style
[29Mai2025 16:20:07.146] [main/INFO] [net.minecraftforge.data.loading.DatagenModLoader/]: Initializing Data Gatherer for mods [enchantments_plus]
[29Mai2025 16:20:07.244] [main/DEBUG] [mixin/]: Mixing RegistryBuilderMixin from kap_lib.mixins.json into net.minecraftforge.registries.RegistryBuilder
[29Mai2025 16:20:07.291] [main/DEBUG] [mixin/]: Mixing EntityMixin from enchantments_plus.mixins.json into net.minecraft.world.entity.Entity
[29Mai2025 16:20:07.356] [main/DEBUG] [mixin/]: Mixing LivingEntityMixin from enchantments_plus.mixins.json into net.minecraft.world.entity.LivingEntity
[29Mai2025 16:20:07.362] [main/DEBUG] [mixin/]: Mixing LivingEntityMixin from kap_lib.mixins.json into net.minecraft.world.entity.LivingEntity
[29Mai2025 16:20:07.406] [main/DEBUG] [net.minecraftforge.coremod.transformer.CoreModBaseTransformer/COREMOD]: Transforming net/minecraft/world/entity/EntityType
[29Mai2025 16:20:07.680] [main/DEBUG] [mixin/]: Mixing PlayerMixin from kap_lib.mixins.json into net.minecraft.world.entity.player.Player
[29Mai2025 16:20:07.798] [main/DEBUG] [net.minecraftforge.coremod.transformer.CoreModBaseTransformer/COREMOD]: Transforming net/minecraft/world/entity/EntityType
[29Mai2025 16:20:07.863] [main/DEBUG] [mixin/]: Mixing EnchantmentMixin from kap_lib.mixins.json into net.minecraft.world.item.enchantment.Enchantment
[29Mai2025 16:20:08.119] [main/DEBUG] [net.minecraftforge.coremod.transformer.CoreModBaseTransformer/COREMOD]: Transforming net/minecraft/world/level/block/LiquidBlock
[29Mai2025 16:20:08.160] [main/DEBUG] [net.minecraftforge.coremod.transformer.CoreModBaseTransformer/COREMOD]: Transforming net/minecraft/world/level/block/StairBlock
[29Mai2025 16:20:08.206] [main/DEBUG] [mixin/]: Mixing CarvedPumpkinMixin from kap_lib.mixins.json into net.minecraft.world.level.block.CarvedPumpkinBlock
[29Mai2025 16:20:08.214] [main/DEBUG] [mixin/]: Renaming synthetic method lambda$moveGolemHeadToTag$0(Lnet/minecraft/world/level/block/state/BlockState;)Z to mdcc6783$lambda$moveGolemHeadToTag$0$0 in kap_lib.mixins.json:CarvedPumpkinMixin
[29Mai2025 16:20:08.283] [main/DEBUG] [net.minecraftforge.coremod.transformer.CoreModBaseTransformer/COREMOD]: Transforming net/minecraft/world/level/block/FlowerPotBlock
[29Mai2025 16:20:08.703] [main/DEBUG] [mixin/]: Mixing AttributesMixin from kap_lib.mixins.json into net.minecraft.world.entity.ai.attributes.Attributes
[29Mai2025 16:20:08.720] [main/DEBUG] [mixin/]: Mixing AttributeModifierMixin from kap_lib.mixins.json into net.minecraft.world.entity.ai.attributes.AttributeModifier
[29Mai2025 16:20:09.064] [main/DEBUG] [mixin/]: Mixing AbstractArrowMixin from enchantments_plus.mixins.json into net.minecraft.world.entity.projectile.AbstractArrow
[29Mai2025 16:20:09.069] [main/DEBUG] [mixin/]: Mixing AbstractArrowMixin from kap_lib.mixins.json into net.minecraft.world.entity.projectile.AbstractArrow
[29Mai2025 16:20:09.096] [main/DEBUG] [mixin/]: Mixing ProjectileMixin from kap_lib.mixins.json into net.minecraft.world.entity.projectile.Projectile
[29Mai2025 16:20:09.279] [main/DEBUG] [net.minecraftforge.coremod.transformer.CoreModBaseTransformer/COREMOD]: Transforming net/minecraft/world/item/ItemStack
[29Mai2025 16:20:09.282] [main/DEBUG] [mixin/]: Mixing ItemStackMixin from kap_lib.mixins.json into net.minecraft.world.item.ItemStack
[29Mai2025 16:20:09.287] [main/DEBUG] [mixin/]: Mixing client.ItemStackMixin from kap_lib.mixins.json into net.minecraft.world.item.ItemStack
[29Mai2025 16:20:09.288] [main/DEBUG] [mixin/]: Renaming synthetic method lambda$addAttributeTooltip$0(Lnet/minecraft/world/entity/EquipmentSlot;Lnet/kapitencraft/kap_lib/item/modifier_display/ItemModifiersDisplayExtension;)Lcom/google/common/collect/Multimap; to mdcc6783$lambda$addAttributeTooltip$0$0 in kap_lib.mixins.json:client.ItemStackMixin
[29Mai2025 16:20:09.573] [main/DEBUG] [mixin/]: Mixing AnvilMenuMixin from kap_lib.mixins.json into net.minecraft.world.inventory.AnvilMenu
[29Mai2025 16:20:10.382] [main/DEBUG] [net.minecraftforge.coremod.transformer.CoreModBaseTransformer/COREMOD]: Transforming net/minecraft/world/entity/animal/frog/Tadpole
[29Mai2025 16:20:10.443] [main/DEBUG] [mixin/]: Mixing BowItemMixin from enchantments_plus.mixins.json into net.minecraft.world.item.BowItem
[29Mai2025 16:20:10.454] [main/DEBUG] [mixin/]: Mixing DiggerItemMixin from kap_lib.mixins.json into net.minecraft.world.item.DiggerItem
[29Mai2025 16:20:10.484] [main/DEBUG] [net.minecraftforge.coremod.transformer.CoreModBaseTransformer/COREMOD]: Transforming net/minecraft/world/item/BucketItem
[29Mai2025 16:20:10.500] [main/DEBUG] [mixin/]: Mixing FishingRodMixin from kap_lib.mixins.json into net.minecraft.world.item.FishingRodItem
[29Mai2025 16:20:10.532] [main/DEBUG] [mixin/]: Mixing ShearsItemMixin from enchantments_plus.mixins.json into net.minecraft.world.item.ShearsItem
[29Mai2025 16:20:10.542] [main/DEBUG] [mixin/]: Mixing client.EnchantedBookItemMixin from kap_lib.mixins.json into net.minecraft.world.item.EnchantedBookItem
[29Mai2025 16:20:10.597] [main/DEBUG] [mixin/]: Mixing CrossbowItemMixin from enchantments_plus.mixins.json into net.minecraft.world.item.CrossbowItem
[29Mai2025 16:20:11.776] [main/DEBUG] [net.minecraftforge.coremod.transformer.CoreModBaseTransformer/COREMOD]: Transforming net/minecraft/world/entity/monster/Spider
[29Mai2025 16:20:11.860] [main/DEBUG] [net.minecraftforge.coremod.transformer.CoreModBaseTransformer/COREMOD]: Transforming net/minecraft/world/entity/monster/Zombie
[29Mai2025 16:20:11.934] [main/DEBUG] [net.minecraftforge.coremod.transformer.CoreModBaseTransformer/COREMOD]: Transforming net/minecraft/world/entity/monster/ZombieVillager
[29Mai2025 16:20:11.981] [main/DEBUG] [mixin/]: Mixing EnderManMixin from kap_lib.mixins.json into net.minecraft.world.entity.monster.EnderMan
[29Mai2025 16:20:12.011] [main/DEBUG] [net.minecraftforge.coremod.transformer.CoreModBaseTransformer/COREMOD]: Transforming net/minecraft/world/entity/monster/Evoker$EvokerSummonSpellGoal
[29Mai2025 16:20:12.204] [main/DEBUG] [mixin/]: Mixing SheepMixin from enchantments_plus.mixins.json into net.minecraft.world.entity.animal.Sheep
[29Mai2025 16:20:12.250] [main/DEBUG] [net.minecraftforge.coremod.transformer.CoreModBaseTransformer/COREMOD]: Transforming net/minecraft/world/entity/animal/horse/SkeletonTrapGoal
[29Mai2025 16:20:12.280] [main/DEBUG] [net.minecraftforge.coremod.transformer.CoreModBaseTransformer/COREMOD]: Transforming net/minecraft/world/entity/monster/Strider
[29Mai2025 16:20:12.460] [main/DEBUG] [net.minecraftforge.coremod.transformer.CoreModBaseTransformer/COREMOD]: Transforming net/minecraft/world/entity/npc/Villager
[29Mai2025 16:20:12.579] [main/DEBUG] [mixin/]: Mixing FishingHookMixin from kap_lib.mixins.json into net.minecraft.world.entity.projectile.FishingHook
[29Mai2025 16:20:12.753] [main/DEBUG] [net.minecraftforge.coremod.transformer.CoreModBaseTransformer/COREMOD]: Transforming net/minecraft/world/effect/MobEffectInstance
[29Mai2025 16:20:12.918] [main/DEBUG] [mixin/]: Mixing ShearsDispenseItemBehaviourMixin from enchantments_plus.mixins.json into net.minecraft.core.dispenser.ShearsDispenseItemBehavior
[29Mai2025 16:20:12.922] [main/DEBUG] [mixin/]: Renaming synthetic method lambda$tryShearLivingEntity$0(Lnet/minecraft/world/entity/LivingEntity;Ljava/util/Random;Lnet/minecraft/world/item/ItemStack;)V to mdcc6783$lambda$tryShearLivingEntity$0$0 in enchantments_plus.mixins.json:ShearsDispenseItemBehaviourMixin
[29Mai2025 16:20:13.100] [main/DEBUG] [mixin/]: Mixing InventoryMixin from kap_lib.mixins.json into net.minecraft.world.entity.player.Inventory
[29Mai2025 16:20:13.653] [main/DEBUG] [net.minecraftforge.coremod.transformer.CoreModBaseTransformer/COREMOD]: Transforming net/minecraft/world/level/levelgen/structure/Structure
[29Mai2025 16:20:13.732] [main/DEBUG] [net.minecraftforge.coremod.transformer.CoreModBaseTransformer/COREMOD]: Transforming net/minecraft/world/level/levelgen/structure/structures/OceanRuinPieces$OceanRuinPiece
[29Mai2025 16:20:13.747] [main/DEBUG] [net.minecraftforge.coremod.transformer.CoreModBaseTransformer/COREMOD]: Transforming net/minecraft/world/level/levelgen/structure/structures/SwampHutPiece
[29Mai2025 16:20:13.767] [main/DEBUG] [net.minecraftforge.coremod.transformer.CoreModBaseTransformer/COREMOD]: Transforming net/minecraft/world/level/levelgen/structure/structures/OceanMonumentPieces$OceanMonumentPiece
[29Mai2025 16:20:13.800] [main/DEBUG] [net.minecraftforge.coremod.transformer.CoreModBaseTransformer/COREMOD]: Transforming net/minecraft/world/level/levelgen/structure/structures/WoodlandMansionPieces$WoodlandMansionPiece
[29Mai2025 16:20:13.943] [main/DEBUG] [net.minecraftforge.coremod.transformer.CoreModBaseTransformer/COREMOD]: Transforming net/minecraft/world/level/biome/Biome
[29Mai2025 16:20:14.301] [main/DEBUG] [net.minecraftforge.registries.GameData/REGISTRIES]: Creating vanilla freeze snapshot
[29Mai2025 16:20:14.303] [main/DEBUG] [net.minecraftforge.registries.ForgeRegistry/REGISTRIES]: Registry minecraft:block Sync: VANILLA -> ACTIVE
[29Mai2025 16:20:14.315] [main/DEBUG] [net.minecraftforge.registries.ForgeRegistry/REGISTRIES]: Registry minecraft:fluid Sync: VANILLA -> ACTIVE
[29Mai2025 16:20:14.316] [main/DEBUG] [net.minecraftforge.registries.ForgeRegistry/REGISTRIES]: Registry minecraft:item Sync: VANILLA -> ACTIVE
[29Mai2025 16:20:14.327] [main/DEBUG] [net.minecraftforge.registries.ForgeRegistry/REGISTRIES]: Registry minecraft:mob_effect Sync: VANILLA -> ACTIVE
[29Mai2025 16:20:14.328] [main/DEBUG] [net.minecraftforge.registries.ForgeRegistry/REGISTRIES]: Registry minecraft:sound_event Sync: VANILLA -> ACTIVE
[29Mai2025 16:20:14.338] [main/DEBUG] [net.minecraftforge.registries.ForgeRegistry/REGISTRIES]: Registry minecraft:potion Sync: VANILLA -> ACTIVE
[29Mai2025 16:20:14.338] [main/DEBUG] [net.minecraftforge.registries.ForgeRegistry/REGISTRIES]: Registry minecraft:enchantment Sync: VANILLA -> ACTIVE
[29Mai2025 16:20:14.338] [main/DEBUG] [net.minecraftforge.registries.ForgeRegistry/REGISTRIES]: Registry minecraft:entity_type Sync: VANILLA -> ACTIVE
[29Mai2025 16:20:14.339] [main/DEBUG] [net.minecraftforge.registries.ForgeRegistry/REGISTRIES]: Registry minecraft:block_entity_type Sync: VANILLA -> ACTIVE
[29Mai2025 16:20:14.340] [main/DEBUG] [net.minecraftforge.registries.ForgeRegistry/REGISTRIES]: Registry minecraft:particle_type Sync: VANILLA -> ACTIVE
[29Mai2025 16:20:14.340] [main/DEBUG] [net.minecraftforge.registries.ForgeRegistry/REGISTRIES]: Registry minecraft:menu Sync: VANILLA -> ACTIVE
[29Mai2025 16:20:14.341] [main/DEBUG] [net.minecraftforge.registries.ForgeRegistry/REGISTRIES]: Registry minecraft:painting_variant Sync: VANILLA -> ACTIVE
[29Mai2025 16:20:14.341] [main/DEBUG] [net.minecraftforge.registries.ForgeRegistry/REGISTRIES]: Registry minecraft:recipe_type Sync: VANILLA -> ACTIVE
[29Mai2025 16:20:14.341] [main/DEBUG] [net.minecraftforge.registries.ForgeRegistry/REGISTRIES]: Registry minecraft:recipe_serializer Sync: VANILLA -> ACTIVE
[29Mai2025 16:20:14.341] [main/DEBUG] [net.minecraftforge.registries.ForgeRegistry/REGISTRIES]: Registry minecraft:attribute Sync: VANILLA -> ACTIVE
[29Mai2025 16:20:14.341] [main/DEBUG] [net.minecraftforge.registries.ForgeRegistry/REGISTRIES]: Registry minecraft:stat_type Sync: VANILLA -> ACTIVE
[29Mai2025 16:20:14.342] [main/DEBUG] [net.minecraftforge.registries.ForgeRegistry/REGISTRIES]: Registry minecraft:command_argument_type Sync: VANILLA -> ACTIVE
[29Mai2025 16:20:14.342] [main/DEBUG] [net.minecraftforge.registries.ForgeRegistry/REGISTRIES]: Registry minecraft:villager_profession Sync: VANILLA -> ACTIVE
[29Mai2025 16:20:14.342] [main/DEBUG] [net.minecraftforge.registries.ForgeRegistry/REGISTRIES]: Registry minecraft:point_of_interest_type Sync: VANILLA -> ACTIVE
[29Mai2025 16:20:14.345] [main/DEBUG] [net.minecraftforge.registries.ForgeRegistry/REGISTRIES]: Registry minecraft:memory_module_type Sync: VANILLA -> ACTIVE
[29Mai2025 16:20:14.347] [main/DEBUG] [net.minecraftforge.registries.ForgeRegistry/REGISTRIES]: Registry minecraft:sensor_type Sync: VANILLA -> ACTIVE
[29Mai2025 16:20:14.347] [main/DEBUG] [net.minecraftforge.registries.ForgeRegistry/REGISTRIES]: Registry minecraft:schedule Sync: VANILLA -> ACTIVE
[29Mai2025 16:20:14.347] [main/DEBUG] [net.minecraftforge.registries.ForgeRegistry/REGISTRIES]: Registry minecraft:activity Sync: VANILLA -> ACTIVE
[29Mai2025 16:20:14.347] [main/DEBUG] [net.minecraftforge.registries.ForgeRegistry/REGISTRIES]: Registry minecraft:worldgen/carver Sync: VANILLA -> ACTIVE
[29Mai2025 16:20:14.347] [main/DEBUG] [net.minecraftforge.registries.ForgeRegistry/REGISTRIES]: Registry minecraft:worldgen/feature Sync: VANILLA -> ACTIVE
[29Mai2025 16:20:14.348] [main/DEBUG] [net.minecraftforge.registries.ForgeRegistry/REGISTRIES]: Registry minecraft:chunk_status Sync: VANILLA -> ACTIVE
[29Mai2025 16:20:14.348] [main/DEBUG] [net.minecraftforge.registries.ForgeRegistry/REGISTRIES]: Registry minecraft:worldgen/block_state_provider_type Sync: VANILLA -> ACTIVE
[29Mai2025 16:20:14.348] [main/DEBUG] [net.minecraftforge.registries.ForgeRegistry/REGISTRIES]: Registry minecraft:worldgen/foliage_placer_type Sync: VANILLA -> ACTIVE
[29Mai2025 16:20:14.348] [main/DEBUG] [net.minecraftforge.registries.ForgeRegistry/REGISTRIES]: Registry minecraft:worldgen/tree_decorator_type Sync: VANILLA -> ACTIVE
[29Mai2025 16:20:14.349] [main/DEBUG] [net.minecraftforge.registries.ForgeRegistry/REGISTRIES]: Registry minecraft:worldgen/biome Sync: VANILLA -> ACTIVE
[29Mai2025 16:20:14.354] [main/DEBUG] [net.minecraftforge.registries.GameData/REGISTRIES]: Vanilla freeze snapshot created
[29Mai2025 16:20:14.378] [main/DEBUG] [net.minecraftforge.fml.ModWorkManager/LOADING]: Using 8 threads for parallel mod-loading
[29Mai2025 16:20:14.384] [main/DEBUG] [net.minecraftforge.fml.javafmlmod.FMLJavaModLanguageProvider/LOADING]: Loading FMLModContainer from classloader cpw.mods.modlauncher.TransformingClassLoader@3ebe4ccc - got cpw.mods.cl.ModuleClassLoader@3703bf3c
[29Mai2025 16:20:14.384] [main/DEBUG] [net.minecraftforge.fml.javafmlmod.FMLModContainer/LOADING]: Creating FMLModContainer instance for net.minecraftforge.common.ForgeMod
[29Mai2025 16:20:14.390] [main/DEBUG] [net.minecraftforge.fml.javafmlmod.FMLJavaModLanguageProvider/LOADING]: Loading FMLModContainer from classloader cpw.mods.modlauncher.TransformingClassLoader@3ebe4ccc - got cpw.mods.cl.ModuleClassLoader@3703bf3c
[29Mai2025 16:20:14.390] [main/DEBUG] [net.minecraftforge.fml.javafmlmod.FMLModContainer/LOADING]: Creating FMLModContainer instance for net.kapitencraft.kap_lib.KapLibMod
[29Mai2025 16:20:14.391] [main/DEBUG] [net.minecraftforge.fml.javafmlmod.FMLJavaModLanguageProvider/LOADING]: Loading FMLModContainer from classloader cpw.mods.modlauncher.TransformingClassLoader@3ebe4ccc - got cpw.mods.cl.ModuleClassLoader@3703bf3c
[29Mai2025 16:20:14.391] [main/DEBUG] [net.minecraftforge.fml.javafmlmod.FMLModContainer/LOADING]: Creating FMLModContainer instance for net.kapitencraft.enchantments_plus.EnchantmentsPlusMod
[29Mai2025 16:20:14.434] [modloading-worker-0/DEBUG] [net.minecraftforge.versions.forge.ForgeVersion/CORE]: Forge Version package package net.minecraftforge.versions.forge, Forge, version 47.3 from cpw.mods.modlauncher.TransformingClassLoader@3ebe4ccc
[29Mai2025 16:20:14.435] [modloading-worker-0/DEBUG] [net.minecraftforge.versions.forge.ForgeVersion/CORE]: Found Forge version 47.3.0
[29Mai2025 16:20:14.435] [modloading-worker-0/DEBUG] [net.minecraftforge.versions.forge.ForgeVersion/CORE]: Found Forge spec 47.3
[29Mai2025 16:20:14.435] [modloading-worker-0/DEBUG] [net.minecraftforge.versions.forge.ForgeVersion/CORE]: Found Forge group net.minecraftforge
[29Mai2025 16:20:14.438] [modloading-worker-0/DEBUG] [net.minecraftforge.versions.mcp.MCPVersion/CORE]: MCP Version package package net.minecraftforge.versions.mcp, Minecraft, version 1.20.1 from cpw.mods.modlauncher.TransformingClassLoader@3ebe4ccc
[29Mai2025 16:20:14.438] [modloading-worker-0/DEBUG] [net.minecraftforge.versions.mcp.MCPVersion/CORE]: Found MC version information 1.20.1
[29Mai2025 16:20:14.438] [modloading-worker-0/DEBUG] [net.minecraftforge.versions.mcp.MCPVersion/CORE]: Found MCP version information 20230612.114412
[29Mai2025 16:20:14.438] [modloading-worker-0/INFO] [net.minecraftforge.common.ForgeMod/FORGEMOD]: Forge mod loading, version 47.3.0, for MC 1.20.1 with MCP 20230612.114412
[29Mai2025 16:20:14.441] [modloading-worker-0/INFO] [net.minecraftforge.common.MinecraftForge/FORGE]: MinecraftForge v47.3.0 Initialized
[29Mai2025 16:20:14.510] [modloading-worker-0/DEBUG] [net.minecraftforge.fml.javafmlmod.AutomaticEventSubscriber/LOADING]: Attempting to inject @EventBusSubscriber classes into the eventbus for enchantments_plus
[29Mai2025 16:20:14.514] [modloading-worker-0/DEBUG] [net.minecraftforge.fml.javafmlmod.AutomaticEventSubscriber/LOADING]: Auto-subscribing net.kapitencraft.enchantments_plus.Config to MOD
[29Mai2025 16:20:14.516] [modloading-worker-0/DEBUG] [io.netty.util.internal.PlatformDependent0/]: -Dio.netty.noUnsafe: false
[29Mai2025 16:20:14.516] [modloading-worker-0/DEBUG] [io.netty.util.internal.PlatformDependent0/]: Java version: 17
[29Mai2025 16:20:14.516] [modloading-worker-0/DEBUG] [io.netty.util.internal.PlatformDependent0/]: sun.misc.Unsafe.theUnsafe: available
[29Mai2025 16:20:14.517] [modloading-worker-0/DEBUG] [io.netty.util.internal.PlatformDependent0/]: sun.misc.Unsafe.copyMemory: available
[29Mai2025 16:20:14.517] [modloading-worker-0/DEBUG] [io.netty.util.internal.PlatformDependent0/]: sun.misc.Unsafe.storeFence: available
[29Mai2025 16:20:14.517] [modloading-worker-0/DEBUG] [io.netty.util.internal.PlatformDependent0/]: java.nio.Buffer.address: available
[29Mai2025 16:20:14.520] [modloading-worker-0/DEBUG] [net.minecraftforge.fml.javafmlmod.AutomaticEventSubscriber/LOADING]: Auto-subscribing net.kapitencraft.enchantments_plus.data_gen.DataGenerators to MOD
[29Mai2025 16:20:14.518] [modloading-worker-0/DEBUG] [io.netty.util.internal.PlatformDependent0/]: direct buffer constructor: unavailable
java.lang.UnsupportedOperationException: Reflective setAccessible(true) disabled
	at io.netty.util.internal.ReflectionUtil.trySetAccessible(ReflectionUtil.java:31) ~[netty-common-4.1.82.Final.jar%23151!/:4.1.82.Final]
	at io.netty.util.internal.PlatformDependent0$5.run(PlatformDependent0.java:288) ~[netty-common-4.1.82.Final.jar%23151!/:4.1.82.Final]
	at java.security.AccessController.doPrivileged(AccessController.java:318) ~[?:?]
	at io.netty.util.internal.PlatformDependent0.<clinit>(PlatformDependent0.java:282) ~[netty-common-4.1.82.Final.jar%23151!/:4.1.82.Final]
	at io.netty.util.internal.PlatformDependent.isAndroid(PlatformDependent.java:333) ~[netty-common-4.1.82.Final.jar%23151!/:4.1.82.Final]
	at io.netty.util.internal.PlatformDependent.<clinit>(PlatformDependent.java:88) ~[netty-common-4.1.82.Final.jar%23151!/:4.1.82.Final]
	at io.netty.util.ConstantPool.<init>(ConstantPool.java:34) ~[netty-common-4.1.82.Final.jar%23151!/:4.1.82.Final]
	at io.netty.util.AttributeKey$1.<init>(AttributeKey.java:27) ~[netty-common-4.1.82.Final.jar%23151!/:4.1.82.Final]
	at io.netty.util.AttributeKey.<clinit>(AttributeKey.java:27) ~[netty-common-4.1.82.Final.jar%23151!/:4.1.82.Final]
	at net.minecraftforge.network.NetworkConstants.<clinit>(NetworkConstants.java:34) ~[forge-1.20.1-47.3.0_mapped_parchment_2023.09.03-1.20.1-recomp.jar%23190%23197!/:?]
	at net.minecraftforge.common.ForgeMod.<init>(ForgeMod.java:429) ~[forge-1.20.1-47.3.0_mapped_parchment_2023.09.03-1.20.1-recomp.jar%23190%23197!/:?]
	at jdk.internal.reflect.NativeConstructorAccessorImpl.newInstance0(Native Method) ~[?:?]
	at jdk.internal.reflect.NativeConstructorAccessorImpl.newInstance(NativeConstructorAccessorImpl.java:77) ~[?:?]
	at jdk.internal.reflect.DelegatingConstructorAccessorImpl.newInstance(DelegatingConstructorAccessorImpl.java:45) ~[?:?]
	at java.lang.reflect.Constructor.newInstanceWithCaller(Constructor.java:500) ~[?:?]
	at java.lang.reflect.Constructor.newInstance(Constructor.java:481) ~[?:?]
	at net.minecraftforge.fml.javafmlmod.FMLModContainer.constructMod(FMLModContainer.java:70) ~[javafmllanguage-1.20.1-47.3.0.jar%23192!/:?]
	at net.minecraftforge.fml.ModContainer.lambda$buildTransitionHandler$4(ModContainer.java:124) ~[fmlcore-1.20.1-47.3.0.jar%23195!/:?]
	at java.util.concurrent.CompletableFuture$AsyncRun.run(CompletableFuture.java:1804) ~[?:?]
	at java.util.concurrent.CompletableFuture$AsyncRun.exec(CompletableFuture.java:1796) ~[?:?]
	at java.util.concurrent.ForkJoinTask.doExec(ForkJoinTask.java:373) ~[?:?]
	at java.util.concurrent.ForkJoinPool$WorkQueue.topLevelExec(ForkJoinPool.java:1182) ~[?:?]
	at java.util.concurrent.ForkJoinPool.scan(ForkJoinPool.java:1655) ~[?:?]
	at java.util.concurrent.ForkJoinPool.runWorker(ForkJoinPool.java:1622) ~[?:?]
	at java.util.concurrent.ForkJoinWorkerThread.run(ForkJoinWorkerThread.java:165) ~[?:?]
[29Mai2025 16:20:14.524] [modloading-worker-0/DEBUG] [io.netty.util.internal.PlatformDependent0/]: java.nio.Bits.unaligned: available, true
[29Mai2025 16:20:14.527] [modloading-worker-0/DEBUG] [net.minecraftforge.fml.javafmlmod.AutomaticEventSubscriber/LOADING]: Auto-subscribing net.kapitencraft.enchantments_plus.event.ClientEventHandler to FORGE
[29Mai2025 16:20:14.527] [modloading-worker-0/DEBUG] [io.netty.util.internal.PlatformDependent0/]: jdk.internal.misc.Unsafe.allocateUninitializedArray(int): unavailable
java.lang.IllegalAccessException: class io.netty.util.internal.PlatformDependent0$7 (in module io.netty.common) cannot access class jdk.internal.misc.Unsafe (in module java.base) because module java.base does not export jdk.internal.misc to module io.netty.common
	at jdk.internal.reflect.Reflection.newIllegalAccessException(Reflection.java:392) ~[?:?]
	at java.lang.reflect.AccessibleObject.checkAccess(AccessibleObject.java:674) ~[?:?]
	at java.lang.reflect.Method.invoke(Method.java:561) ~[?:?]
	at io.netty.util.internal.PlatformDependent0$7.run(PlatformDependent0.java:410) ~[netty-common-4.1.82.Final.jar%23151!/:4.1.82.Final]
	at java.security.AccessController.doPrivileged(AccessController.java:318) ~[?:?]
	at io.netty.util.internal.PlatformDependent0.<clinit>(PlatformDependent0.java:401) ~[netty-common-4.1.82.Final.jar%23151!/:4.1.82.Final]
	at io.netty.util.internal.PlatformDependent.isAndroid(PlatformDependent.java:333) ~[netty-common-4.1.82.Final.jar%23151!/:4.1.82.Final]
	at io.netty.util.internal.PlatformDependent.<clinit>(PlatformDependent.java:88) ~[netty-common-4.1.82.Final.jar%23151!/:4.1.82.Final]
	at io.netty.util.ConstantPool.<init>(ConstantPool.java:34) ~[netty-common-4.1.82.Final.jar%23151!/:4.1.82.Final]
	at io.netty.util.AttributeKey$1.<init>(AttributeKey.java:27) ~[netty-common-4.1.82.Final.jar%23151!/:4.1.82.Final]
	at io.netty.util.AttributeKey.<clinit>(AttributeKey.java:27) ~[netty-common-4.1.82.Final.jar%23151!/:4.1.82.Final]
	at net.minecraftforge.network.NetworkConstants.<clinit>(NetworkConstants.java:34) ~[forge-1.20.1-47.3.0_mapped_parchment_2023.09.03-1.20.1-recomp.jar%23190%23197!/:?]
	at net.minecraftforge.common.ForgeMod.<init>(ForgeMod.java:429) ~[forge-1.20.1-47.3.0_mapped_parchment_2023.09.03-1.20.1-recomp.jar%23190%23197!/:?]
	at jdk.internal.reflect.NativeConstructorAccessorImpl.newInstance0(Native Method) ~[?:?]
	at jdk.internal.reflect.NativeConstructorAccessorImpl.newInstance(NativeConstructorAccessorImpl.java:77) ~[?:?]
	at jdk.internal.reflect.DelegatingConstructorAccessorImpl.newInstance(DelegatingConstructorAccessorImpl.java:45) ~[?:?]
	at java.lang.reflect.Constructor.newInstanceWithCaller(Constructor.java:500) ~[?:?]
	at java.lang.reflect.Constructor.newInstance(Constructor.java:481) ~[?:?]
	at net.minecraftforge.fml.javafmlmod.FMLModContainer.constructMod(FMLModContainer.java:70) ~[javafmllanguage-1.20.1-47.3.0.jar%23192!/:?]
	at net.minecraftforge.fml.ModContainer.lambda$buildTransitionHandler$4(ModContainer.java:124) ~[fmlcore-1.20.1-47.3.0.jar%23195!/:?]
	at java.util.concurrent.CompletableFuture$AsyncRun.run(CompletableFuture.java:1804) ~[?:?]
	at java.util.concurrent.CompletableFuture$AsyncRun.exec(CompletableFuture.java:1796) ~[?:?]
	at java.util.concurrent.ForkJoinTask.doExec(ForkJoinTask.java:373) ~[?:?]
	at java.util.concurrent.ForkJoinPool$WorkQueue.topLevelExec(ForkJoinPool.java:1182) ~[?:?]
	at java.util.concurrent.ForkJoinPool.scan(ForkJoinPool.java:1655) ~[?:?]
	at java.util.concurrent.ForkJoinPool.runWorker(ForkJoinPool.java:1622) ~[?:?]
	at java.util.concurrent.ForkJoinWorkerThread.run(ForkJoinWorkerThread.java:165) ~[?:?]
[29Mai2025 16:20:14.529] [modloading-worker-0/DEBUG] [io.netty.util.internal.PlatformDependent0/]: java.nio.DirectByteBuffer.<init>(long, int): unavailable
[29Mai2025 16:20:14.529] [modloading-worker-0/DEBUG] [io.netty.util.internal.PlatformDependent/]: sun.misc.Unsafe: available
[29Mai2025 16:20:14.530] [modloading-worker-0/DEBUG] [io.netty.util.internal.PlatformDependent/]: maxDirectMemory: 4234149888 bytes (maybe)
[29Mai2025 16:20:14.530] [modloading-worker-0/DEBUG] [io.netty.util.internal.PlatformDependent/]: -Dio.netty.tmpdir: C:\Users\kapit\AppData\Local\Temp (java.io.tmpdir)
[29Mai2025 16:20:14.530] [modloading-worker-0/DEBUG] [io.netty.util.internal.PlatformDependent/]: -Dio.netty.bitMode: 64 (sun.arch.data.model)
[29Mai2025 16:20:14.531] [modloading-worker-0/DEBUG] [io.netty.util.internal.PlatformDependent/]: Platform: Windows
[29Mai2025 16:20:14.531] [modloading-worker-0/DEBUG] [io.netty.util.internal.PlatformDependent/]: -Dio.netty.maxDirectMemory: -1 bytes
[29Mai2025 16:20:14.531] [modloading-worker-0/DEBUG] [io.netty.util.internal.PlatformDependent/]: -Dio.netty.uninitializedArrayAllocationThreshold: -1
[29Mai2025 16:20:14.532] [modloading-worker-0/DEBUG] [io.netty.util.internal.CleanerJava9/]: java.nio.ByteBuffer.cleaner(): available
[29Mai2025 16:20:14.532] [modloading-worker-0/DEBUG] [io.netty.util.internal.PlatformDependent/]: -Dio.netty.noPreferDirect: false
[29Mai2025 16:20:14.533] [modloading-worker-0/DEBUG] [net.minecraftforge.fml.javafmlmod.AutomaticEventSubscriber/LOADING]: Auto-subscribing net.kapitencraft.enchantments_plus.event.EventHandler to FORGE
[29Mai2025 16:20:14.537] [modloading-worker-0/DEBUG] [net.minecraftforge.fml.config.ConfigTracker/CONFIG]: Config file kap_lib-client.toml for kap_lib tracking
[29Mai2025 16:20:14.538] [modloading-worker-0/DEBUG] [net.minecraftforge.fml.config.ConfigTracker/CONFIG]: Config file kap_lib-server.toml for kap_lib tracking
[29Mai2025 16:20:14.543] [modloading-worker-0/INFO] [net.kapitencraft.kap_lib.KapLibMod/KapLib]: KapLib v1.24.0 loaded
[29Mai2025 16:20:14.544] [modloading-worker-0/DEBUG] [net.minecraftforge.fml.javafmlmod.AutomaticEventSubscriber/LOADING]: Attempting to inject @EventBusSubscriber classes into the eventbus for kap_lib
[29Mai2025 16:20:14.544] [modloading-worker-0/DEBUG] [net.minecraftforge.fml.javafmlmod.AutomaticEventSubscriber/LOADING]: Auto-subscribing net.kapitencraft.kap_lib.util.attribute.AttributeAdder to MOD
[29Mai2025 16:20:14.549] [modloading-worker-0/DEBUG] [net.minecraftforge.fml.javafmlmod.AutomaticEventSubscriber/LOADING]: Auto-subscribing net.kapitencraft.kap_lib.util.ScrollableTooltips to FORGE
[29Mai2025 16:20:14.568] [modloading-worker-0/DEBUG] [net.minecraftforge.common.ForgeMod/FORGEMOD]: Loading Network data for FML net version: FML3
[29Mai2025 16:20:14.569] [modloading-worker-0/DEBUG] [net.minecraftforge.fml.javafmlmod.AutomaticEventSubscriber/LOADING]: Auto-subscribing net.kapitencraft.kap_lib.util.ManaHandler to FORGE
[29Mai2025 16:20:14.570] [modloading-worker-0/DEBUG] [net.minecraftforge.fml.javafmlmod.AutomaticEventSubscriber/LOADING]: Auto-subscribing net.kapitencraft.kap_lib.item.misc.AnvilUses to FORGE
[29Mai2025 16:20:14.570] [modloading-worker-0/DEBUG] [net.minecraftforge.fml.javafmlmod.AutomaticEventSubscriber/LOADING]: Auto-subscribing net.kapitencraft.enchantments_plus.event.ModBusEvents to MOD
[29Mai2025 16:20:14.572] [modloading-worker-0/DEBUG] [net.minecraftforge.fml.javafmlmod.AutomaticEventSubscriber/LOADING]: Auto-subscribing net.kapitencraft.kap_lib.item.bonus.BonusManager to FORGE
[29Mai2025 16:20:14.579] [modloading-worker-0/DEBUG] [net.minecraftforge.fml.javafmlmod.AutomaticEventSubscriber/LOADING]: Auto-subscribing net.kapitencraft.kap_lib.helpers.BonusHelper to FORGE
[29Mai2025 16:20:14.579] [modloading-worker-0/DEBUG] [net.minecraftforge.fml.javafmlmod.AutomaticEventSubscriber/LOADING]: Auto-subscribing net.kapitencraft.kap_lib.event.ModEventBusEvents to MOD
[29Mai2025 16:20:14.580] [modloading-worker-0/DEBUG] [net.minecraftforge.fml.config.ConfigTracker/CONFIG]: Config file forge-client.toml for forge tracking
[29Mai2025 16:20:14.580] [modloading-worker-0/DEBUG] [net.minecraftforge.fml.config.ConfigTracker/CONFIG]: Config file forge-server.toml for forge tracking
[29Mai2025 16:20:14.580] [modloading-worker-0/DEBUG] [net.minecraftforge.fml.ModLoadingContext/]: Attempted to register an empty config for type COMMON on mod forge
[29Mai2025 16:20:14.582] [modloading-worker-0/DEBUG] [net.minecraftforge.fml.javafmlmod.AutomaticEventSubscriber/LOADING]: Auto-subscribing net.kapitencraft.kap_lib.event.ModEventBusClientEvents to MOD
[29Mai2025 16:20:14.586] [modloading-worker-0/DEBUG] [mixin/]: Mixing client.ParticleEngineMixin from kap_lib.mixins.json into net.minecraft.client.particle.ParticleEngine
[29Mai2025 16:20:14.599] [modloading-worker-0/DEBUG] [net.minecraftforge.fml.javafmlmod.AutomaticEventSubscriber/LOADING]: Auto-subscribing net.kapitencraft.kap_lib.event.Events to FORGE
[29Mai2025 16:20:14.605] [modloading-worker-0/DEBUG] [net.minecraftforge.fml.javafmlmod.AutomaticEventSubscriber/LOADING]: Attempting to inject @EventBusSubscriber classes into the eventbus for forge
[29Mai2025 16:20:14.605] [modloading-worker-0/DEBUG] [net.minecraftforge.fml.javafmlmod.AutomaticEventSubscriber/LOADING]: Auto-subscribing net.minecraftforge.common.ForgeSpawnEggItem$CommonHandler to MOD
[29Mai2025 16:20:14.606] [modloading-worker-0/DEBUG] [net.minecraftforge.fml.javafmlmod.AutomaticEventSubscriber/LOADING]: Auto-subscribing net.minecraftforge.common.ForgeSpawnEggItem$ColorRegisterHandler to MOD
[29Mai2025 16:20:14.609] [modloading-worker-0/DEBUG] [net.minecraftforge.fml.javafmlmod.AutomaticEventSubscriber/LOADING]: Auto-subscribing net.kapitencraft.kap_lib.event.DamageEvents to FORGE
[29Mai2025 16:20:14.610] [modloading-worker-0/DEBUG] [net.minecraftforge.fml.javafmlmod.AutomaticEventSubscriber/LOADING]: Auto-subscribing net.minecraftforge.client.model.data.ModelDataManager to FORGE
[29Mai2025 16:20:14.611] [modloading-worker-0/DEBUG] [net.minecraftforge.fml.javafmlmod.AutomaticEventSubscriber/LOADING]: Auto-subscribing net.minecraftforge.client.ForgeHooksClient$ClientEvents to MOD
[29Mai2025 16:20:14.614] [modloading-worker-0/DEBUG] [mixin/]: Mixing client.ShaderInstanceMixin from kap_lib.mixins.json into net.minecraft.client.renderer.ShaderInstance
[29Mai2025 16:20:14.623] [modloading-worker-0/DEBUG] [net.minecraftforge.fml.javafmlmod.AutomaticEventSubscriber/LOADING]: Auto-subscribing net.kapitencraft.kap_lib.event.ClientEvents to FORGE
[29Mai2025 16:20:14.624] [modloading-worker-0/DEBUG] [net.minecraftforge.fml.javafmlmod.AutomaticEventSubscriber/LOADING]: Auto-subscribing net.kapitencraft.kap_lib.enchantments.extras.EnchantmentDescriptionManager to FORGE
[29Mai2025 16:20:14.630] [modloading-worker-0/DEBUG] [net.minecraftforge.fml.javafmlmod.AutomaticEventSubscriber/LOADING]: Auto-subscribing net.kapitencraft.kap_lib.data_gen.Generator to MOD
[29Mai2025 16:20:14.631] [modloading-worker-0/DEBUG] [net.minecraftforge.fml.javafmlmod.AutomaticEventSubscriber/LOADING]: Auto-subscribing net.minecraftforge.client.ClientForgeMod to MOD
[29Mai2025 16:20:14.631] [modloading-worker-0/DEBUG] [net.minecraftforge.fml.javafmlmod.AutomaticEventSubscriber/LOADING]: Auto-subscribing net.kapitencraft.kap_lib.client.shaders.ModShaders to MOD
[29Mai2025 16:20:14.631] [modloading-worker-0/DEBUG] [net.minecraftforge.fml.javafmlmod.AutomaticEventSubscriber/LOADING]: Auto-subscribing net.kapitencraft.kap_lib.client.overlay.OverlayManager to MOD
[29Mai2025 16:20:14.657] [Update Checker/INFO] [net.kapitencraft.kap_lib.util.UpdateChecker/UpdateChecker]: Starting Update check... (auto update disabled)
[29Mai2025 16:20:14.659] [Update Checker/INFO] [net.kapitencraft.kap_lib.util.UpdateChecker/UpdateChecker]: running version check on 'kap_lib'
[29Mai2025 16:20:14.688] [main/DEBUG] [net.minecraftforge.registries.ObjectHolderRegistry/REGISTRIES]: Processing ObjectHolder annotations
[29Mai2025 16:20:14.715] [main/DEBUG] [net.minecraftforge.registries.ObjectHolderRegistry/REGISTRIES]: Found 4027 ObjectHolder annotations
[29Mai2025 16:20:14.718] [main/DEBUG] [net.minecraftforge.common.capabilities.CapabilityManager/CAPABILITIES]: Attempting to automatically register: Lnet/minecraftforge/energy/IEnergyStorage;
[29Mai2025 16:20:14.719] [main/DEBUG] [net.minecraftforge.common.capabilities.CapabilityManager/CAPABILITIES]: Attempting to automatically register: Lnet/minecraftforge/fluids/capability/IFluidHandler;
[29Mai2025 16:20:14.719] [main/DEBUG] [net.minecraftforge.common.capabilities.CapabilityManager/CAPABILITIES]: Attempting to automatically register: Lnet/minecraftforge/fluids/capability/IFluidHandlerItem;
[29Mai2025 16:20:14.719] [main/DEBUG] [net.minecraftforge.common.capabilities.CapabilityManager/CAPABILITIES]: Attempting to automatically register: Lnet/minecraftforge/items/IItemHandler;
[29Mai2025 16:20:14.719] [main/DEBUG] [net.minecraftforge.registries.GameData/REGISTRIES]: Unfreezing vanilla registries
[29Mai2025 16:20:14.721] [main/DEBUG] [net.minecraftforge.registries.GameData/REGISTRIES]: Applying holder lookups: minecraft:sound_event
[29Mai2025 16:20:14.725] [main/DEBUG] [net.minecraftforge.registries.GameData/REGISTRIES]: Holder lookups applied: minecraft:sound_event
[29Mai2025 16:20:14.726] [main/DEBUG] [net.minecraftforge.registries.GameData/REGISTRIES]: Applying holder lookups: minecraft:fluid
[29Mai2025 16:20:14.726] [main/DEBUG] [net.minecraftforge.registries.GameData/REGISTRIES]: Holder lookups applied: minecraft:fluid
[29Mai2025 16:20:14.727] [main/DEBUG] [net.minecraftforge.registries.GameData/REGISTRIES]: Applying holder lookups: minecraft:block
[29Mai2025 16:20:14.730] [main/DEBUG] [net.minecraftforge.registries.GameData/REGISTRIES]: Holder lookups applied: minecraft:block
[29Mai2025 16:20:14.731] [main/DEBUG] [net.minecraftforge.registries.GameData/REGISTRIES]: Applying holder lookups: minecraft:attribute
[29Mai2025 16:20:14.732] [main/DEBUG] [net.minecraftforge.registries.GameData/REGISTRIES]: Holder lookups applied: minecraft:attribute
[29Mai2025 16:20:14.732] [main/DEBUG] [net.minecraftforge.registries.GameData/REGISTRIES]: Applying holder lookups: minecraft:mob_effect
[29Mai2025 16:20:14.733] [main/DEBUG] [net.minecraftforge.registries.GameData/REGISTRIES]: Holder lookups applied: minecraft:mob_effect
[29Mai2025 16:20:14.742] [main/DEBUG] [mixin/]: Mixing DataSourceMixin from kap_lib.mixins.json into net.minecraft.network.chat.contents.DataSource
[29Mai2025 16:20:14.753] [main/DEBUG] [net.minecraftforge.registries.GameData/REGISTRIES]: Applying holder lookups: minecraft:particle_type
[29Mai2025 16:20:14.755] [main/DEBUG] [net.minecraftforge.registries.GameData/REGISTRIES]: Holder lookups applied: minecraft:particle_type
[29Mai2025 16:20:14.755] [main/DEBUG] [net.minecraftforge.registries.GameData/REGISTRIES]: Applying holder lookups: minecraft:item
[29Mai2025 16:20:14.758] [main/DEBUG] [net.minecraftforge.registries.GameData/REGISTRIES]: Holder lookups applied: minecraft:item
[29Mai2025 16:20:14.758] [main/DEBUG] [net.minecraftforge.registries.GameData/REGISTRIES]: Applying holder lookups: minecraft:entity_type
[29Mai2025 16:20:14.759] [main/DEBUG] [net.minecraftforge.registries.GameData/REGISTRIES]: Holder lookups applied: minecraft:entity_type
[29Mai2025 16:20:14.760] [main/DEBUG] [net.minecraftforge.registries.GameData/REGISTRIES]: Applying holder lookups: minecraft:sensor_type
[29Mai2025 16:20:14.761] [main/DEBUG] [net.minecraftforge.registries.GameData/REGISTRIES]: Holder lookups applied: minecraft:sensor_type
[29Mai2025 16:20:14.761] [main/DEBUG] [net.minecraftforge.registries.GameData/REGISTRIES]: Applying holder lookups: minecraft:memory_module_type
[29Mai2025 16:20:14.762] [main/DEBUG] [net.minecraftforge.registries.GameData/REGISTRIES]: Holder lookups applied: minecraft:memory_module_type
[29Mai2025 16:20:14.763] [main/DEBUG] [net.minecraftforge.registries.GameData/REGISTRIES]: Applying holder lookups: minecraft:potion
[29Mai2025 16:20:14.764] [main/DEBUG] [net.minecraftforge.registries.GameData/REGISTRIES]: Holder lookups applied: minecraft:potion
[29Mai2025 16:20:14.764] [main/DEBUG] [net.minecraftforge.registries.GameData/REGISTRIES]: Applying holder lookups: minecraft:game_event
[29Mai2025 16:20:14.765] [main/DEBUG] [net.minecraftforge.registries.GameData/REGISTRIES]: Holder lookups applied: minecraft:game_event
[29Mai2025 16:20:14.775] [main/DEBUG] [net.minecraftforge.registries.GameData/REGISTRIES]: Applying holder lookups: minecraft:enchantment
[29Mai2025 16:20:14.776] [main/DEBUG] [net.minecraftforge.registries.GameData/REGISTRIES]: Holder lookups applied: minecraft:enchantment
[29Mai2025 16:20:14.777] [main/DEBUG] [net.minecraftforge.registries.GameData/REGISTRIES]: Applying holder lookups: minecraft:block_entity_type
[29Mai2025 16:20:14.778] [main/DEBUG] [net.minecraftforge.registries.GameData/REGISTRIES]: Holder lookups applied: minecraft:block_entity_type
[29Mai2025 16:20:14.778] [main/DEBUG] [net.minecraftforge.registries.GameData/REGISTRIES]: Applying holder lookups: minecraft:painting_variant
[29Mai2025 16:20:14.779] [main/DEBUG] [net.minecraftforge.registries.GameData/REGISTRIES]: Holder lookups applied: minecraft:painting_variant
[29Mai2025 16:20:14.780] [main/DEBUG] [net.minecraftforge.registries.GameData/REGISTRIES]: Applying holder lookups: minecraft:stat_type
[29Mai2025 16:20:14.781] [main/DEBUG] [net.minecraftforge.registries.GameData/REGISTRIES]: Holder lookups applied: minecraft:stat_type
[29Mai2025 16:20:14.781] [main/DEBUG] [net.minecraftforge.registries.GameData/REGISTRIES]: Applying holder lookups: minecraft:custom_stat
[29Mai2025 16:20:14.782] [main/DEBUG] [net.minecraftforge.registries.GameData/REGISTRIES]: Holder lookups applied: minecraft:custom_stat
[29Mai2025 16:20:14.782] [main/DEBUG] [net.minecraftforge.registries.GameData/REGISTRIES]: Applying holder lookups: minecraft:chunk_status
[29Mai2025 16:20:14.782] [main/DEBUG] [net.minecraftforge.registries.GameData/REGISTRIES]: Holder lookups applied: minecraft:chunk_status
[29Mai2025 16:20:14.782] [main/DEBUG] [net.minecraftforge.registries.GameData/REGISTRIES]: Applying holder lookups: minecraft:rule_test
[29Mai2025 16:20:14.783] [main/DEBUG] [net.minecraftforge.registries.GameData/REGISTRIES]: Holder lookups applied: minecraft:rule_test
[29Mai2025 16:20:14.783] [main/DEBUG] [net.minecraftforge.registries.GameData/REGISTRIES]: Applying holder lookups: minecraft:rule_block_entity_modifier
[29Mai2025 16:20:14.783] [main/DEBUG] [net.minecraftforge.registries.GameData/REGISTRIES]: Holder lookups applied: minecraft:rule_block_entity_modifier
[29Mai2025 16:20:14.783] [main/DEBUG] [net.minecraftforge.registries.GameData/REGISTRIES]: Applying holder lookups: minecraft:pos_rule_test
[29Mai2025 16:20:14.784] [main/DEBUG] [net.minecraftforge.registries.GameData/REGISTRIES]: Holder lookups applied: minecraft:pos_rule_test
[29Mai2025 16:20:14.784] [main/DEBUG] [net.minecraftforge.registries.GameData/REGISTRIES]: Applying holder lookups: minecraft:menu
[29Mai2025 16:20:14.784] [main/DEBUG] [net.minecraftforge.registries.GameData/REGISTRIES]: Holder lookups applied: minecraft:menu
[29Mai2025 16:20:14.785] [main/DEBUG] [net.minecraftforge.registries.GameData/REGISTRIES]: Applying holder lookups: minecraft:recipe_type
[29Mai2025 16:20:14.785] [main/DEBUG] [net.minecraftforge.registries.GameData/REGISTRIES]: Holder lookups applied: minecraft:recipe_type
[29Mai2025 16:20:14.832] [main/DEBUG] [net.minecraftforge.registries.GameData/REGISTRIES]: Applying holder lookups: minecraft:recipe_serializer
[29Mai2025 16:20:14.833] [main/DEBUG] [net.minecraftforge.registries.GameData/REGISTRIES]: Holder lookups applied: minecraft:recipe_serializer
[29Mai2025 16:20:14.833] [main/DEBUG] [net.minecraftforge.registries.GameData/REGISTRIES]: Applying holder lookups: minecraft:position_source_type
[29Mai2025 16:20:14.833] [main/DEBUG] [net.minecraftforge.registries.GameData/REGISTRIES]: Holder lookups applied: minecraft:position_source_type
[29Mai2025 16:20:14.835] [main/DEBUG] [net.minecraftforge.registries.GameData/REGISTRIES]: Applying holder lookups: minecraft:command_argument_type
[29Mai2025 16:20:14.835] [main/DEBUG] [net.minecraftforge.registries.GameData/REGISTRIES]: Holder lookups applied: minecraft:command_argument_type
[29Mai2025 16:20:14.835] [main/DEBUG] [net.minecraftforge.registries.GameData/REGISTRIES]: Applying holder lookups: minecraft:villager_type
[29Mai2025 16:20:14.836] [main/DEBUG] [net.minecraftforge.registries.GameData/REGISTRIES]: Holder lookups applied: minecraft:villager_type
[29Mai2025 16:20:14.836] [main/DEBUG] [net.minecraftforge.registries.GameData/REGISTRIES]: Applying holder lookups: minecraft:villager_profession
[29Mai2025 16:20:14.836] [main/DEBUG] [net.minecraftforge.registries.GameData/REGISTRIES]: Holder lookups applied: minecraft:villager_profession
[29Mai2025 16:20:14.836] [main/DEBUG] [net.minecraftforge.registries.GameData/REGISTRIES]: Applying holder lookups: minecraft:point_of_interest_type
[29Mai2025 16:20:14.837] [main/DEBUG] [net.minecraftforge.registries.GameData/REGISTRIES]: Holder lookups applied: minecraft:point_of_interest_type
[29Mai2025 16:20:14.837] [main/DEBUG] [net.minecraftforge.registries.GameData/REGISTRIES]: Applying holder lookups: minecraft:schedule
[29Mai2025 16:20:14.837] [main/DEBUG] [net.minecraftforge.registries.GameData/REGISTRIES]: Holder lookups applied: minecraft:schedule
[29Mai2025 16:20:14.837] [main/DEBUG] [net.minecraftforge.registries.GameData/REGISTRIES]: Applying holder lookups: minecraft:activity
[29Mai2025 16:20:14.838] [main/DEBUG] [net.minecraftforge.registries.GameData/REGISTRIES]: Holder lookups applied: minecraft:activity
[29Mai2025 16:20:14.838] [main/DEBUG] [net.minecraftforge.registries.GameData/REGISTRIES]: Applying holder lookups: minecraft:loot_pool_entry_type
[29Mai2025 16:20:14.839] [main/DEBUG] [net.minecraftforge.registries.GameData/REGISTRIES]: Holder lookups applied: minecraft:loot_pool_entry_type
[29Mai2025 16:20:14.839] [main/DEBUG] [net.minecraftforge.registries.GameData/REGISTRIES]: Applying holder lookups: minecraft:loot_function_type
[29Mai2025 16:20:14.839] [main/DEBUG] [net.minecraftforge.registries.GameData/REGISTRIES]: Holder lookups applied: minecraft:loot_function_type
[29Mai2025 16:20:14.846] [main/DEBUG] [net.minecraftforge.registries.GameData/REGISTRIES]: Applying holder lookups: minecraft:loot_condition_type
[29Mai2025 16:20:14.848] [main/DEBUG] [net.minecraftforge.registries.GameData/REGISTRIES]: Holder lookups applied: minecraft:loot_condition_type
[29Mai2025 16:20:14.848] [main/DEBUG] [net.minecraftforge.registries.GameData/REGISTRIES]: Applying holder lookups: minecraft:loot_number_provider_type
[29Mai2025 16:20:14.848] [main/DEBUG] [net.minecraftforge.registries.GameData/REGISTRIES]: Holder lookups applied: minecraft:loot_number_provider_type
[29Mai2025 16:20:14.849] [main/DEBUG] [net.minecraftforge.registries.GameData/REGISTRIES]: Applying holder lookups: minecraft:loot_nbt_provider_type
[29Mai2025 16:20:14.849] [main/DEBUG] [net.minecraftforge.registries.GameData/REGISTRIES]: Holder lookups applied: minecraft:loot_nbt_provider_type
[29Mai2025 16:20:14.849] [main/DEBUG] [net.minecraftforge.registries.GameData/REGISTRIES]: Applying holder lookups: minecraft:loot_score_provider_type
[29Mai2025 16:20:14.849] [main/DEBUG] [net.minecraftforge.registries.GameData/REGISTRIES]: Holder lookups applied: minecraft:loot_score_provider_type
[29Mai2025 16:20:14.850] [main/DEBUG] [net.minecraftforge.registries.GameData/REGISTRIES]: Applying holder lookups: minecraft:float_provider_type
[29Mai2025 16:20:14.850] [main/DEBUG] [net.minecraftforge.registries.GameData/REGISTRIES]: Holder lookups applied: minecraft:float_provider_type
[29Mai2025 16:20:14.850] [main/DEBUG] [net.minecraftforge.registries.GameData/REGISTRIES]: Applying holder lookups: minecraft:int_provider_type
[29Mai2025 16:20:14.851] [main/DEBUG] [net.minecraftforge.registries.GameData/REGISTRIES]: Holder lookups applied: minecraft:int_provider_type
[29Mai2025 16:20:14.851] [main/DEBUG] [net.minecraftforge.registries.GameData/REGISTRIES]: Applying holder lookups: minecraft:height_provider_type
[29Mai2025 16:20:14.851] [main/DEBUG] [net.minecraftforge.registries.GameData/REGISTRIES]: Holder lookups applied: minecraft:height_provider_type
[29Mai2025 16:20:14.851] [main/DEBUG] [net.minecraftforge.registries.GameData/REGISTRIES]: Applying holder lookups: minecraft:block_predicate_type
[29Mai2025 16:20:14.851] [main/DEBUG] [net.minecraftforge.registries.GameData/REGISTRIES]: Holder lookups applied: minecraft:block_predicate_type
[29Mai2025 16:20:14.852] [main/DEBUG] [net.minecraftforge.registries.GameData/REGISTRIES]: Applying holder lookups: minecraft:worldgen/carver
[29Mai2025 16:20:14.852] [main/DEBUG] [net.minecraftforge.registries.GameData/REGISTRIES]: Holder lookups applied: minecraft:worldgen/carver
[29Mai2025 16:20:14.852] [main/DEBUG] [net.minecraftforge.registries.GameData/REGISTRIES]: Applying holder lookups: minecraft:worldgen/feature
[29Mai2025 16:20:14.852] [main/DEBUG] [net.minecraftforge.registries.GameData/REGISTRIES]: Holder lookups applied: minecraft:worldgen/feature
[29Mai2025 16:20:14.852] [main/DEBUG] [net.minecraftforge.registries.GameData/REGISTRIES]: Applying holder lookups: minecraft:worldgen/structure_processor
[29Mai2025 16:20:14.853] [main/DEBUG] [net.minecraftforge.registries.GameData/REGISTRIES]: Holder lookups applied: minecraft:worldgen/structure_processor
[29Mai2025 16:20:14.853] [main/DEBUG] [net.minecraftforge.registries.GameData/REGISTRIES]: Applying holder lookups: minecraft:worldgen/structure_placement
[29Mai2025 16:20:14.853] [main/DEBUG] [net.minecraftforge.registries.GameData/REGISTRIES]: Holder lookups applied: minecraft:worldgen/structure_placement
[29Mai2025 16:20:14.853] [main/DEBUG] [net.minecraftforge.registries.GameData/REGISTRIES]: Applying holder lookups: minecraft:worldgen/structure_piece
[29Mai2025 16:20:14.854] [main/DEBUG] [net.minecraftforge.registries.GameData/REGISTRIES]: Holder lookups applied: minecraft:worldgen/structure_piece
[29Mai2025 16:20:14.854] [main/DEBUG] [net.minecraftforge.registries.GameData/REGISTRIES]: Applying holder lookups: minecraft:worldgen/structure_type
[29Mai2025 16:20:14.854] [main/DEBUG] [net.minecraftforge.registries.GameData/REGISTRIES]: Holder lookups applied: minecraft:worldgen/structure_type
[29Mai2025 16:20:14.854] [main/DEBUG] [net.minecraftforge.registries.GameData/REGISTRIES]: Applying holder lookups: minecraft:worldgen/placement_modifier_type
[29Mai2025 16:20:14.855] [main/DEBUG] [net.minecraftforge.registries.GameData/REGISTRIES]: Holder lookups applied: minecraft:worldgen/placement_modifier_type
[29Mai2025 16:20:14.855] [main/DEBUG] [net.minecraftforge.registries.GameData/REGISTRIES]: Applying holder lookups: minecraft:worldgen/block_state_provider_type
[29Mai2025 16:20:14.855] [main/DEBUG] [net.minecraftforge.registries.GameData/REGISTRIES]: Holder lookups applied: minecraft:worldgen/block_state_provider_type
[29Mai2025 16:20:14.855] [main/DEBUG] [net.minecraftforge.registries.GameData/REGISTRIES]: Applying holder lookups: minecraft:worldgen/foliage_placer_type
[29Mai2025 16:20:14.856] [main/DEBUG] [net.minecraftforge.registries.GameData/REGISTRIES]: Holder lookups applied: minecraft:worldgen/foliage_placer_type
[29Mai2025 16:20:14.856] [main/DEBUG] [net.minecraftforge.registries.GameData/REGISTRIES]: Applying holder lookups: minecraft:worldgen/trunk_placer_type
[29Mai2025 16:20:14.856] [main/DEBUG] [net.minecraftforge.registries.GameData/REGISTRIES]: Holder lookups applied: minecraft:worldgen/trunk_placer_type
[29Mai2025 16:20:14.856] [main/DEBUG] [net.minecraftforge.registries.GameData/REGISTRIES]: Applying holder lookups: minecraft:worldgen/root_placer_type
[29Mai2025 16:20:14.857] [main/DEBUG] [net.minecraftforge.registries.GameData/REGISTRIES]: Holder lookups applied: minecraft:worldgen/root_placer_type
[29Mai2025 16:20:14.857] [main/DEBUG] [net.minecraftforge.registries.GameData/REGISTRIES]: Applying holder lookups: minecraft:worldgen/tree_decorator_type
[29Mai2025 16:20:14.857] [main/DEBUG] [net.minecraftforge.registries.GameData/REGISTRIES]: Holder lookups applied: minecraft:worldgen/tree_decorator_type
[29Mai2025 16:20:14.857] [main/DEBUG] [net.minecraftforge.registries.GameData/REGISTRIES]: Applying holder lookups: minecraft:worldgen/feature_size_type
[29Mai2025 16:20:14.858] [main/DEBUG] [net.minecraftforge.registries.GameData/REGISTRIES]: Holder lookups applied: minecraft:worldgen/feature_size_type
[29Mai2025 16:20:14.858] [main/DEBUG] [net.minecraftforge.registries.GameData/REGISTRIES]: Applying holder lookups: minecraft:worldgen/biome_source
[29Mai2025 16:20:14.858] [main/DEBUG] [net.minecraftforge.registries.GameData/REGISTRIES]: Holder lookups applied: minecraft:worldgen/biome_source
[29Mai2025 16:20:14.858] [main/DEBUG] [net.minecraftforge.registries.GameData/REGISTRIES]: Applying holder lookups: minecraft:worldgen/chunk_generator
[29Mai2025 16:20:14.859] [main/DEBUG] [net.minecraftforge.registries.GameData/REGISTRIES]: Holder lookups applied: minecraft:worldgen/chunk_generator
[29Mai2025 16:20:14.859] [main/DEBUG] [net.minecraftforge.registries.GameData/REGISTRIES]: Applying holder lookups: minecraft:worldgen/material_condition
[29Mai2025 16:20:14.860] [main/DEBUG] [net.minecraftforge.registries.GameData/REGISTRIES]: Holder lookups applied: minecraft:worldgen/material_condition
[29Mai2025 16:20:14.860] [main/DEBUG] [net.minecraftforge.registries.GameData/REGISTRIES]: Applying holder lookups: minecraft:worldgen/material_rule
[29Mai2025 16:20:14.861] [main/DEBUG] [net.minecraftforge.registries.GameData/REGISTRIES]: Holder lookups applied: minecraft:worldgen/material_rule
[29Mai2025 16:20:14.861] [main/DEBUG] [net.minecraftforge.registries.GameData/REGISTRIES]: Applying holder lookups: minecraft:worldgen/density_function_type
[29Mai2025 16:20:14.862] [main/DEBUG] [net.minecraftforge.registries.GameData/REGISTRIES]: Holder lookups applied: minecraft:worldgen/density_function_type
[29Mai2025 16:20:14.862] [main/DEBUG] [net.minecraftforge.registries.GameData/REGISTRIES]: Applying holder lookups: minecraft:worldgen/structure_pool_element
[29Mai2025 16:20:14.863] [main/DEBUG] [net.minecraftforge.registries.GameData/REGISTRIES]: Holder lookups applied: minecraft:worldgen/structure_pool_element
[29Mai2025 16:20:14.863] [main/DEBUG] [net.minecraftforge.registries.GameData/REGISTRIES]: Applying holder lookups: minecraft:cat_variant
[29Mai2025 16:20:14.864] [main/DEBUG] [net.minecraftforge.registries.GameData/REGISTRIES]: Holder lookups applied: minecraft:cat_variant
[29Mai2025 16:20:14.864] [main/DEBUG] [net.minecraftforge.registries.GameData/REGISTRIES]: Applying holder lookups: minecraft:frog_variant
[29Mai2025 16:20:14.864] [main/DEBUG] [net.minecraftforge.registries.GameData/REGISTRIES]: Holder lookups applied: minecraft:frog_variant
[29Mai2025 16:20:14.864] [main/DEBUG] [net.minecraftforge.registries.GameData/REGISTRIES]: Applying holder lookups: minecraft:banner_pattern
[29Mai2025 16:20:14.864] [main/DEBUG] [net.minecraftforge.registries.GameData/REGISTRIES]: Holder lookups applied: minecraft:banner_pattern
[29Mai2025 16:20:14.864] [main/DEBUG] [net.minecraftforge.registries.GameData/REGISTRIES]: Applying holder lookups: minecraft:instrument
[29Mai2025 16:20:14.864] [main/DEBUG] [net.minecraftforge.registries.GameData/REGISTRIES]: Holder lookups applied: minecraft:instrument
[29Mai2025 16:20:14.864] [main/DEBUG] [net.minecraftforge.registries.GameData/REGISTRIES]: Applying holder lookups: minecraft:decorated_pot_patterns
[29Mai2025 16:20:14.865] [main/DEBUG] [net.minecraftforge.registries.GameData/REGISTRIES]: Holder lookups applied: minecraft:decorated_pot_patterns
[29Mai2025 16:20:14.865] [main/DEBUG] [net.minecraftforge.registries.GameData/REGISTRIES]: Applying holder lookups: minecraft:creative_mode_tab
[29Mai2025 16:20:14.865] [main/DEBUG] [net.minecraftforge.registries.GameData/REGISTRIES]: Holder lookups applied: minecraft:creative_mode_tab
[29Mai2025 16:20:14.872] [main/DEBUG] [net.minecraftforge.registries.GameData/REGISTRIES]: Applying holder lookups: forge:biome_modifier_serializers
[29Mai2025 16:20:14.872] [main/DEBUG] [net.minecraftforge.registries.GameData/REGISTRIES]: Holder lookups applied: forge:biome_modifier_serializers
[29Mai2025 16:20:14.873] [main/DEBUG] [net.minecraftforge.registries.GameData/REGISTRIES]: Applying holder lookups: forge:display_contexts
[29Mai2025 16:20:14.874] [main/DEBUG] [net.minecraftforge.registries.GameData/REGISTRIES]: Holder lookups applied: forge:display_contexts
[29Mai2025 16:20:14.874] [main/DEBUG] [net.minecraftforge.registries.GameData/REGISTRIES]: Applying holder lookups: forge:entity_data_serializers
[29Mai2025 16:20:14.874] [main/DEBUG] [net.minecraftforge.registries.GameData/REGISTRIES]: Holder lookups applied: forge:entity_data_serializers
[29Mai2025 16:20:14.885] [main/DEBUG] [net.minecraftforge.registries.GameData/REGISTRIES]: Applying holder lookups: forge:fluid_type
[29Mai2025 16:20:14.885] [main/DEBUG] [net.minecraftforge.registries.GameData/REGISTRIES]: Holder lookups applied: forge:fluid_type
[29Mai2025 16:20:14.911] [main/DEBUG] [net.minecraftforge.registries.GameData/REGISTRIES]: Applying holder lookups: forge:global_loot_modifier_serializers
[29Mai2025 16:20:14.911] [main/DEBUG] [net.minecraftforge.registries.GameData/REGISTRIES]: Holder lookups applied: forge:global_loot_modifier_serializers
[29Mai2025 16:20:14.916] [main/DEBUG] [net.minecraftforge.registries.GameData/REGISTRIES]: Applying holder lookups: forge:holder_set_type
[29Mai2025 16:20:14.917] [main/DEBUG] [net.minecraftforge.registries.GameData/REGISTRIES]: Holder lookups applied: forge:holder_set_type
[29Mai2025 16:20:14.918] [main/DEBUG] [net.minecraftforge.registries.GameData/REGISTRIES]: Applying holder lookups: forge:structure_modifier_serializers
[29Mai2025 16:20:14.918] [main/DEBUG] [net.minecraftforge.registries.GameData/REGISTRIES]: Holder lookups applied: forge:structure_modifier_serializers
[29Mai2025 16:20:14.923] [main/DEBUG] [net.minecraftforge.registries.GameData/REGISTRIES]: Applying holder lookups: kap_lib:bonus_serializers
[29Mai2025 16:20:14.924] [main/DEBUG] [net.minecraftforge.registries.GameData/REGISTRIES]: Holder lookups applied: kap_lib:bonus_serializers
[29Mai2025 16:20:14.924] [main/DEBUG] [net.minecraftforge.registries.GameData/REGISTRIES]: Applying holder lookups: kap_lib:camera_modifiers
[29Mai2025 16:20:14.924] [main/DEBUG] [net.minecraftforge.registries.GameData/REGISTRIES]: Holder lookups applied: kap_lib:camera_modifiers
[29Mai2025 16:20:14.924] [main/DEBUG] [net.minecraftforge.registries.GameData/REGISTRIES]: Applying holder lookups: kap_lib:glyph_effects
[29Mai2025 16:20:14.925] [main/DEBUG] [net.minecraftforge.registries.GameData/REGISTRIES]: Holder lookups applied: kap_lib:glyph_effects
[29Mai2025 16:20:14.925] [main/DEBUG] [net.minecraftforge.registries.GameData/REGISTRIES]: Applying holder lookups: kap_lib:overlay_properties
[29Mai2025 16:20:14.925] [main/DEBUG] [net.minecraftforge.registries.GameData/REGISTRIES]: Holder lookups applied: kap_lib:overlay_properties
[29Mai2025 16:20:14.926] [main/DEBUG] [net.minecraftforge.registries.GameData/REGISTRIES]: Applying holder lookups: kap_lib:particle_animation/activation_triggers
[29Mai2025 16:20:14.926] [main/DEBUG] [net.minecraftforge.registries.GameData/REGISTRIES]: Holder lookups applied: kap_lib:particle_animation/activation_triggers
[29Mai2025 16:20:14.926] [main/DEBUG] [net.minecraftforge.registries.GameData/REGISTRIES]: Applying holder lookups: kap_lib:particle_animation/element_types
[29Mai2025 16:20:14.926] [main/DEBUG] [net.minecraftforge.registries.GameData/REGISTRIES]: Holder lookups applied: kap_lib:particle_animation/element_types
[29Mai2025 16:20:14.930] [main/DEBUG] [net.minecraftforge.registries.GameData/REGISTRIES]: Applying holder lookups: kap_lib:particle_animation/finalizer_types
[29Mai2025 16:20:14.930] [main/DEBUG] [net.minecraftforge.registries.GameData/REGISTRIES]: Holder lookups applied: kap_lib:particle_animation/finalizer_types
[29Mai2025 16:20:14.930] [main/DEBUG] [net.minecraftforge.registries.GameData/REGISTRIES]: Applying holder lookups: kap_lib:particle_animation/spawner_types
[29Mai2025 16:20:14.931] [main/DEBUG] [net.minecraftforge.registries.GameData/REGISTRIES]: Holder lookups applied: kap_lib:particle_animation/spawner_types
[29Mai2025 16:20:14.931] [main/DEBUG] [net.minecraftforge.registries.GameData/REGISTRIES]: Applying holder lookups: kap_lib:particle_animation/terminator_types
[29Mai2025 16:20:14.931] [main/DEBUG] [net.minecraftforge.registries.GameData/REGISTRIES]: Holder lookups applied: kap_lib:particle_animation/terminator_types
[29Mai2025 16:20:14.931] [main/DEBUG] [net.minecraftforge.registries.GameData/REGISTRIES]: Applying holder lookups: kap_lib:requestables
[29Mai2025 16:20:14.931] [main/DEBUG] [net.minecraftforge.registries.GameData/REGISTRIES]: Holder lookups applied: kap_lib:requestables
[29Mai2025 16:20:14.941] [main/DEBUG] [net.minecraftforge.registries.GameData/REGISTRIES]: Applying holder lookups: kap_lib:requirement_conditions
[29Mai2025 16:20:14.941] [main/DEBUG] [net.minecraftforge.registries.GameData/REGISTRIES]: Holder lookups applied: kap_lib:requirement_conditions
[29Mai2025 16:20:14.943] [main/DEBUG] [net.minecraftforge.registries.GameData/REGISTRIES]: Applying holder lookups: kap_lib:spawn_table/function_types
[29Mai2025 16:20:14.944] [main/DEBUG] [net.minecraftforge.registries.GameData/REGISTRIES]: Holder lookups applied: kap_lib:spawn_table/function_types
[29Mai2025 16:20:14.945] [main/DEBUG] [net.minecraftforge.registries.GameData/REGISTRIES]: Applying holder lookups: kap_lib:spawn_table/pool_entry_types
[29Mai2025 16:20:14.946] [main/DEBUG] [net.minecraftforge.registries.GameData/REGISTRIES]: Holder lookups applied: kap_lib:spawn_table/pool_entry_types
[29Mai2025 16:20:14.950] [main/DEBUG] [net.minecraftforge.registries.GameData/REGISTRIES]: Applying holder lookups: minecraft:attribute_modifier_types
[29Mai2025 16:20:14.950] [main/DEBUG] [net.minecraftforge.registries.GameData/REGISTRIES]: Holder lookups applied: minecraft:attribute_modifier_types
[29Mai2025 16:20:14.962] [main/DEBUG] [net.minecraftforge.registries.GameData/REGISTRIES]: Applying holder lookups: minecraft:component_contents_types
[29Mai2025 16:20:14.962] [main/DEBUG] [net.minecraftforge.registries.GameData/REGISTRIES]: Holder lookups applied: minecraft:component_contents_types
[29Mai2025 16:20:14.964] [main/DEBUG] [net.minecraftforge.registries.GameData/REGISTRIES]: Applying holder lookups: minecraft:data_source_types
[29Mai2025 16:20:14.965] [main/DEBUG] [net.minecraftforge.registries.GameData/REGISTRIES]: Holder lookups applied: minecraft:data_source_types
[29Mai2025 16:20:14.965] [main/DEBUG] [net.minecraftforge.registries.GameData/REGISTRIES]: Applying holder lookups: minecraft:worldgen/biome
[29Mai2025 16:20:14.965] [main/DEBUG] [net.minecraftforge.registries.GameData/REGISTRIES]: Holder lookups applied: minecraft:worldgen/biome
[29Mai2025 16:20:15.001] [main/DEBUG] [mixin/]: Mixing AttributeInstanceMixin from kap_lib.mixins.json into net.minecraft.world.entity.ai.attributes.AttributeInstance
[29Mai2025 16:20:15.002] [main/DEBUG] [mixin/]: Renaming synthetic method lambda$tick$0(Lnet/kapitencraft/kap_lib/mixin/duck/attribute/IKapLibAttributeModifier;)V to mdcc6783$lambda$tick$0$0 in kap_lib.mixins.json:AttributeInstanceMixin
[29Mai2025 16:20:15.157] [main/WARN] [net.minecraft.server.packs.VanillaPackResourcesBuilder/]: Assets URL 'union:/C:/Users/kapit/intellij/Mods/Enchantments+/build/fg_cache/net/minecraftforge/forge/1.20.1-47.3.0_mapped_parchment_2023.09.03-1.20.1/forge-1.20.1-47.3.0_mapped_parchment_2023.09.03-1.20.1-recomp.jar%23191!/assets/.mcassetsroot' uses unexpected schema
[29Mai2025 16:20:15.157] [main/WARN] [net.minecraft.server.packs.VanillaPackResourcesBuilder/]: Assets URL 'union:/C:/Users/kapit/intellij/Mods/Enchantments+/build/fg_cache/net/minecraftforge/forge/1.20.1-47.3.0_mapped_parchment_2023.09.03-1.20.1/forge-1.20.1-47.3.0_mapped_parchment_2023.09.03-1.20.1-recomp.jar%23191!/data/.mcassetsroot' uses unexpected schema
[29Mai2025 16:20:15.335] [main/INFO] [net.minecraft.data.DataGenerator/]: Starting provider: Registries
[29Mai2025 16:20:15.520] [main/INFO] [net.minecraft.data.DataGenerator/]: Registries finished after 185 ms
[29Mai2025 16:20:15.521] [main/INFO] [net.minecraft.data.DataGenerator/]: Starting provider: Recipes
[29Mai2025 16:20:15.521] [main/INFO] [net.minecraft.data.DataGenerator/]: Recipes finished after 0 ms
[29Mai2025 16:20:15.521] [main/INFO] [net.minecraft.data.DataGenerator/]: Starting provider: Block States: enchantments_plus
[29Mai2025 16:20:15.659] [Update Checker/WARN] [net.kapitencraft.kap_lib.util.UpdateChecker/]: unable to extract version from 'v1.4.0mc1.20.1-FML47.3.0' of mod kap_lib
[29Mai2025 16:20:15.665] [Update Checker/INFO] [net.kapitencraft.kap_lib.util.UpdateChecker/UpdateChecker]: running version check on 'enchantments_plus'
[29Mai2025 16:20:15.696] [main/INFO] [net.minecraft.data.DataGenerator/]: Block States: enchantments_plus finished after 175 ms
[29Mai2025 16:20:15.696] [main/INFO] [net.minecraft.data.DataGenerator/]: Starting provider: Global Loot Modifiers : enchantments_plus
[29Mai2025 16:20:15.720] [main/INFO] [net.minecraft.data.DataGenerator/]: Global Loot Modifiers : enchantments_plus finished after 23 ms
[29Mai2025 16:20:15.721] [main/INFO] [net.minecraft.data.DataGenerator/]: All providers took: 386 ms
[29Mai2025 16:20:15.728] [main/INFO] [net.minecraft.data.HashCache/]: Caching: total files: 14, old count: 13, new count: 15, removed stale: 0, written: 1
